,1,2,3,4,5,6,7,8,9,10,11,12,13,14,15,16,17,18,19,20,21,22,23,24,25,26,27,28,29,30,31,32,33,34,36,37,38,40,41,42,43,44,45,46,47,48,49,50,51,52,53,54,55,56,57,58,59,60,61,62,63,64,65,66,67,68,69,70,71,72,73,74,75,76,77,78,79,80,81,82,83,84,85,86,87,88,89,90,91,92,93,94,95,96,97,98,99,100,101
1,0.0,0.0,0.0,0.0,0.0,0.0,0.0,0.0,0.0,0.0,0.0,0.0,0.0,0.0,0.0,0.0,0.0,0.0,0.0,0.0,0.0,0.0,0.0,0.0,0.0,0.0,0.0,0.0,0.0,0.0,0.0,0.0,0.0,0.0,0.0,0.0,0.0,0.0,0.0,0.0,0.0,0.0,0.0,0.0,0.0,0.0,0.0,0.0,0.0,0.0,0.0,0.0,0.0,0.0,0.0,0.0,0.0,0.0,0.0,0.0,0.0,0.0,0.0,0.0,0.0,0.0,0.0,0.0,0.0,0.0,0.0,0.0,0.0,0.0,0.0,0.0,0.0,0.0,0.0,0.0,0.0,0.0,0.0,0.0,0.0,0.0,0.0,0.0,0.0,0.0,0.0,0.0,0.0,0.0,0.0,0.0,0.0,0.0,0.0
2,0.0,0.0,0.0,0.0,0.0,0.0,0.0,0.0,0.0,0.0,0.0,0.0,0.0,0.0,0.0,0.0,0.0,0.0,0.0,0.0,0.0,0.0,0.0,0.0,0.0,0.0,0.0,0.0,0.0,0.0,0.0,0.0,0.0,0.0,0.0,0.0,0.0,0.0,0.0,0.0,0.0,0.0,0.0,0.0,0.0,0.0,0.0,0.0,0.0,0.0,0.0,0.0,0.0,0.0,0.0,0.0,0.0,0.0,0.0,0.0,0.0,0.0,0.0,0.0,0.0,0.0,0.0,0.0,0.0,0.0,0.0,0.0,0.0,0.0,0.0,0.0,0.0,0.0,0.0,0.0,0.0,0.0,0.0,0.0,0.0,0.0,0.0,0.0,0.0,0.0,0.0,0.0,0.0,0.0,0.0,0.0,0.0,0.0,0.0
3,0.5277777777777778,0.0,0.0,0.0,0.0,0.0,0.0,0.0,0.0,0.0,0.0,0.0,0.0,0.0,0.0,0.0,0.0,0.0,0.0,0.0,0.0,0.0,0.0,0.0,0.0,0.0,0.0,0.0,0.0,0.0,0.0,0.0,0.0,0.0,0.0,0.0,0.0,0.0,0.0,0.0,0.0,0.0,0.0,0.0,0.0,0.0,0.0,0.0,0.0,0.0,0.0,0.0,0.0,0.0,0.0,0.0,0.0,0.0,0.0,0.0,0.0,0.0,0.0,0.0,0.0,0.0,0.0,0.0,0.0,0.0,0.0,0.0,0.0,0.0,0.0,0.0,0.0,0.0,0.0,0.0,0.0,0.0,0.0,0.0,0.0,0.0,0.0,0.0,0.0,0.0,0.0,0.0,0.0,0.0,0.0,0.0,0.0,0.0,0.0
4,0.5,0.40625,0.0,0.0,0.0,0.0,0.0,0.0,0.0,0.0,0.0,0.0,0.0,0.0,0.0,0.0,0.0,0.0,0.0,0.0,0.0,0.0,0.0,0.0,0.0,0.0,0.0,0.0,0.0,0.0,0.0,0.0,0.0,0.0,0.0,0.0,0.0,0.0,0.0,0.0,0.0,0.0,0.0,0.0,0.0,0.0,0.0,0.0,0.0,0.0,0.0,0.0,0.0,0.0,0.0,0.0,0.0,0.0,0.0,0.0,0.0,0.0,0.0,0.0,0.0,0.0,0.0,0.0,0.0,0.0,0.0,0.0,0.0,0.0,0.0,0.0,0.0,0.0,0.0,0.0,0.0,0.0,0.0,0.0,0.0,0.0,0.0,0.0,0.0,0.0,0.0,0.0,0.0,0.0,0.0,0.0,0.0,0.0,0.0
5,0.4523809523809524,0.3181818181818182,0.3181818181818182,0.0,0.0,0.0,0.0,0.0,0.0,0.0,0.0,0.0,0.0,0.0,0.0,0.0,0.0,0.0,0.0,0.0,0.0,0.0,0.0,0.0,0.0,0.0,0.0,0.0,0.0,0.0,0.0,0.0,0.0,0.0,0.0,0.0,0.0,0.0,0.0,0.0,0.0,0.0,0.0,0.0,0.0,0.0,0.0,0.0,0.0,0.0,0.0,0.0,0.0,0.0,0.0,0.0,0.0,0.0,0.0,0.0,0.0,0.0,0.0,0.0,0.0,0.0,0.0,0.0,0.0,0.0,0.0,0.0,0.0,0.0,0.0,0.0,0.0,0.0,0.0,0.0,0.0,0.0,0.0,0.0,0.0,0.0,0.0,0.0,0.0,0.0,0.0,0.0,0.0,0.0,0.0,0.0,0.0,0.0,0.0
6,0.4523809523809524,0.3181818181818182,0.3181818181818182,0.5,0.0,0.0,0.0,0.0,0.0,0.0,0.0,0.0,0.0,0.0,0.0,0.0,0.0,0.0,0.0,0.0,0.0,0.0,0.0,0.0,0.0,0.0,0.0,0.0,0.0,0.0,0.0,0.0,0.0,0.0,0.0,0.0,0.0,0.0,0.0,0.0,0.0,0.0,0.0,0.0,0.0,0.0,0.0,0.0,0.0,0.0,0.0,0.0,0.0,0.0,0.0,0.0,0.0,0.0,0.0,0.0,0.0,0.0,0.0,0.0,0.0,0.0,0.0,0.0,0.0,0.0,0.0,0.0,0.0,0.0,0.0,0.0,0.0,0.0,0.0,0.0,0.0,0.0,0.0,0.0,0.0,0.0,0.0,0.0,0.0,0.0,0.0,0.0,0.0,0.0,0.0,0.0,0.0,0.0,0.0
7,0.5,0.35,0.35,0.5161290322580645,0.8181818181818182,0.0,0.0,0.0,0.0,0.0,0.0,0.0,0.0,0.0,0.0,0.0,0.0,0.0,0.0,0.0,0.0,0.0,0.0,0.0,0.0,0.0,0.0,0.0,0.0,0.0,0.0,0.0,0.0,0.0,0.0,0.0,0.0,0.0,0.0,0.0,0.0,0.0,0.0,0.0,0.0,0.0,0.0,0.0,0.0,0.0,0.0,0.0,0.0,0.0,0.0,0.0,0.0,0.0,0.0,0.0,0.0,0.0,0.0,0.0,0.0,0.0,0.0,0.0,0.0,0.0,0.0,0.0,0.0,0.0,0.0,0.0,0.0,0.0,0.0,0.0,0.0,0.0,0.0,0.0,0.0,0.0,0.0,0.0,0.0,0.0,0.0,0.0,0.0,0.0,0.0,0.0,0.0,0.0,0.0
8,0.5,0.35,0.35,0.5161290322580645,0.8181818181818182,0.8181818181818182,0.0,0.0,0.0,0.0,0.0,0.0,0.0,0.0,0.0,0.0,0.0,0.0,0.0,0.0,0.0,0.0,0.0,0.0,0.0,0.0,0.0,0.0,0.0,0.0,0.0,0.0,0.0,0.0,0.0,0.0,0.0,0.0,0.0,0.0,0.0,0.0,0.0,0.0,0.0,0.0,0.0,0.0,0.0,0.0,0.0,0.0,0.0,0.0,0.0,0.0,0.0,0.0,0.0,0.0,0.0,0.0,0.0,0.0,0.0,0.0,0.0,0.0,0.0,0.0,0.0,0.0,0.0,0.0,0.0,0.0,0.0,0.0,0.0,0.0,0.0,0.0,0.0,0.0,0.0,0.0,0.0,0.0,0.0,0.0,0.0,0.0,0.0,0.0,0.0,0.0,0.0,0.0,0.0
9,0.5,0.35,0.35,0.5161290322580645,0.7142857142857143,0.7142857142857143,0.75,0.0,0.0,0.0,0.0,0.0,0.0,0.0,0.0,0.0,0.0,0.0,0.0,0.0,0.0,0.0,0.0,0.0,0.0,0.0,0.0,0.0,0.0,0.0,0.0,0.0,0.0,0.0,0.0,0.0,0.0,0.0,0.0,0.0,0.0,0.0,0.0,0.0,0.0,0.0,0.0,0.0,0.0,0.0,0.0,0.0,0.0,0.0,0.0,0.0,0.0,0.0,0.0,0.0,0.0,0.0,0.0,0.0,0.0,0.0,0.0,0.0,0.0,0.0,0.0,0.0,0.0,0.0,0.0,0.0,0.0,0.0,0.0,0.0,0.0,0.0,0.0,0.0,0.0,0.0,0.0,0.0,0.0,0.0,0.0,0.0,0.0,0.0,0.0,0.0,0.0,0.0,0.0
10,0.5,0.35,0.35,0.5161290322580645,0.7142857142857143,0.7142857142857143,0.75,0.75,0.0,0.0,0.0,0.0,0.0,0.0,0.0,0.0,0.0,0.0,0.0,0.0,0.0,0.0,0.0,0.0,0.0,0.0,0.0,0.0,0.0,0.0,0.0,0.0,0.0,0.0,0.0,0.0,0.0,0.0,0.0,0.0,0.0,0.0,0.0,0.0,0.0,0.0,0.0,0.0,0.0,0.0,0.0,0.0,0.0,0.0,0.0,0.0,0.0,0.0,0.0,0.0,0.0,0.0,0.0,0.0,0.0,0.0,0.0,0.0,0.0,0.0,0.0,0.0,0.0,0.0,0.0,0.0,0.0,0.0,0.0,0.0,0.0,0.0,0.0,0.0,0.0,0.0,0.0,0.0,0.0,0.0,0.0,0.0,0.0,0.0,0.0,0.0,0.0,0.0,0.0
11,0.5405405405405406,0.5428571428571428,0.5428571428571428,0.5161290322580645,0.7142857142857143,0.7142857142857143,0.696969696969697,0.696969696969697,0.9310344827586207,0.0,0.0,0.0,0.0,0.0,0.0,0.0,0.0,0.0,0.0,0.0,0.0,0.0,0.0,0.0,0.0,0.0,0.0,0.0,0.0,0.0,0.0,0.0,0.0,0.0,0.0,0.0,0.0,0.0,0.0,0.0,0.0,0.0,0.0,0.0,0.0,0.0,0.0,0.0,0.0,0.0,0.0,0.0,0.0,0.0,0.0,0.0,0.0,0.0,0.0,0.0,0.0,0.0,0.0,0.0,0.0,0.0,0.0,0.0,0.0,0.0,0.0,0.0,0.0,0.0,0.0,0.0,0.0,0.0,0.0,0.0,0.0,0.0,0.0,0.0,0.0,0.0,0.0,0.0,0.0,0.0,0.0,0.0,0.0,0.0,0.0,0.0,0.0,0.0,0.0
12,0.5405405405405406,0.5428571428571428,0.5428571428571428,0.5161290322580645,0.7142857142857143,0.7142857142857143,0.696969696969697,0.696969696969697,0.9310344827586207,0.9310344827586207,0.0,0.0,0.0,0.0,0.0,0.0,0.0,0.0,0.0,0.0,0.0,0.0,0.0,0.0,0.0,0.0,0.0,0.0,0.0,0.0,0.0,0.0,0.0,0.0,0.0,0.0,0.0,0.0,0.0,0.0,0.0,0.0,0.0,0.0,0.0,0.0,0.0,0.0,0.0,0.0,0.0,0.0,0.0,0.0,0.0,0.0,0.0,0.0,0.0,0.0,0.0,0.0,0.0,0.0,0.0,0.0,0.0,0.0,0.0,0.0,0.0,0.0,0.0,0.0,0.0,0.0,0.0,0.0,0.0,0.0,0.0,0.0,0.0,0.0,0.0,0.0,0.0,0.0,0.0,0.0,0.0,0.0,0.0,0.0,0.0,0.0,0.0,0.0,0.0
13,0.5128205128205128,0.5135135135135135,0.5135135135135135,0.48484848484848486,0.7222222222222222,0.7222222222222222,0.7575757575757576,0.7575757575757576,0.8709677419354839,0.8709677419354839,0.9333333333333333,0.0,0.0,0.0,0.0,0.0,0.0,0.0,0.0,0.0,0.0,0.0,0.0,0.0,0.0,0.0,0.0,0.0,0.0,0.0,0.0,0.0,0.0,0.0,0.0,0.0,0.0,0.0,0.0,0.0,0.0,0.0,0.0,0.0,0.0,0.0,0.0,0.0,0.0,0.0,0.0,0.0,0.0,0.0,0.0,0.0,0.0,0.0,0.0,0.0,0.0,0.0,0.0,0.0,0.0,0.0,0.0,0.0,0.0,0.0,0.0,0.0,0.0,0.0,0.0,0.0,0.0,0.0,0.0,0.0,0.0,0.0,0.0,0.0,0.0,0.0,0.0,0.0,0.0,0.0,0.0,0.0,0.0,0.0,0.0,0.0,0.0,0.0,0.0
14,0.5128205128205128,0.5135135135135135,0.5135135135135135,0.48484848484848486,0.7222222222222222,0.7222222222222222,0.7575757575757576,0.7575757575757576,0.8709677419354839,0.8709677419354839,0.9333333333333333,0.9333333333333333,0.0,0.0,0.0,0.0,0.0,0.0,0.0,0.0,0.0,0.0,0.0,0.0,0.0,0.0,0.0,0.0,0.0,0.0,0.0,0.0,0.0,0.0,0.0,0.0,0.0,0.0,0.0,0.0,0.0,0.0,0.0,0.0,0.0,0.0,0.0,0.0,0.0,0.0,0.0,0.0,0.0,0.0,0.0,0.0,0.0,0.0,0.0,0.0,0.0,0.0,0.0,0.0,0.0,0.0,0.0,0.0,0.0,0.0,0.0,0.0,0.0,0.0,0.0,0.0,0.0,0.0,0.0,0.0,0.0,0.0,0.0,0.0,0.0,0.0,0.0,0.0,0.0,0.0,0.0,0.0,0.0,0.0,0.0,0.0,0.0,0.0,0.0
15,0.5263157894736842,0.8333333333333334,0.8333333333333334,0.37142857142857144,0.2978723404255319,0.2978723404255319,0.32558139534883723,0.32558139534883723,0.32558139534883723,0.32558139534883723,0.5405405405405406,0.5405405405405406,0.5128205128205128,0.0,0.0,0.0,0.0,0.0,0.0,0.0,0.0,0.0,0.0,0.0,0.0,0.0,0.0,0.0,0.0,0.0,0.0,0.0,0.0,0.0,0.0,0.0,0.0,0.0,0.0,0.0,0.0,0.0,0.0,0.0,0.0,0.0,0.0,0.0,0.0,0.0,0.0,0.0,0.0,0.0,0.0,0.0,0.0,0.0,0.0,0.0,0.0,0.0,0.0,0.0,0.0,0.0,0.0,0.0,0.0,0.0,0.0,0.0,0.0,0.0,0.0,0.0,0.0,0.0,0.0,0.0,0.0,0.0,0.0,0.0,0.0,0.0,0.0,0.0,0.0,0.0,0.0,0.0,0.0,0.0,0.0,0.0,0.0,0.0,0.0
16,0.5263157894736842,0.8333333333333334,0.8333333333333334,0.37142857142857144,0.2978723404255319,0.2978723404255319,0.32558139534883723,0.32558139534883723,0.32558139534883723,0.32558139534883723,0.5405405405405406,0.5405405405405406,0.5128205128205128,0.5128205128205128,0.0,0.0,0.0,0.0,0.0,0.0,0.0,0.0,0.0,0.0,0.0,0.0,0.0,0.0,0.0,0.0,0.0,0.0,0.0,0.0,0.0,0.0,0.0,0.0,0.0,0.0,0.0,0.0,0.0,0.0,0.0,0.0,0.0,0.0,0.0,0.0,0.0,0.0,0.0,0.0,0.0,0.0,0.0,0.0,0.0,0.0,0.0,0.0,0.0,0.0,0.0,0.0,0.0,0.0,0.0,0.0,0.0,0.0,0.0,0.0,0.0,0.0,0.0,0.0,0.0,0.0,0.0,0.0,0.0,0.0,0.0,0.0,0.0,0.0,0.0,0.0,0.0,0.0,0.0,0.0,0.0,0.0,0.0,0.0,0.0
17,0.9333333333333333,0.5714285714285714,0.5714285714285714,0.5,0.4878048780487805,0.4878048780487805,0.5,0.5,0.5,0.5,0.5405405405405406,0.5405405405405406,0.5128205128205128,0.5128205128205128,0.5263157894736842,0.0,0.0,0.0,0.0,0.0,0.0,0.0,0.0,0.0,0.0,0.0,0.0,0.0,0.0,0.0,0.0,0.0,0.0,0.0,0.0,0.0,0.0,0.0,0.0,0.0,0.0,0.0,0.0,0.0,0.0,0.0,0.0,0.0,0.0,0.0,0.0,0.0,0.0,0.0,0.0,0.0,0.0,0.0,0.0,0.0,0.0,0.0,0.0,0.0,0.0,0.0,0.0,0.0,0.0,0.0,0.0,0.0,0.0,0.0,0.0,0.0,0.0,0.0,0.0,0.0,0.0,0.0,0.0,0.0,0.0,0.0,0.0,0.0,0.0,0.0,0.0,0.0,0.0,0.0,0.0,0.0,0.0,0.0,0.0
18,0.48717948717948717,0.4864864864864865,0.4864864864864865,0.45454545454545453,0.4523809523809524,0.4523809523809524,0.5,0.5,0.5,0.5,0.5405405405405406,0.5405405405405406,0.5128205128205128,0.5128205128205128,0.5263157894736842,0.5263157894736842,0.0,0.0,0.0,0.0,0.0,0.0,0.0,0.0,0.0,0.0,0.0,0.0,0.0,0.0,0.0,0.0,0.0,0.0,0.0,0.0,0.0,0.0,0.0,0.0,0.0,0.0,0.0,0.0,0.0,0.0,0.0,0.0,0.0,0.0,0.0,0.0,0.0,0.0,0.0,0.0,0.0,0.0,0.0,0.0,0.0,0.0,0.0,0.0,0.0,0.0,0.0,0.0,0.0,0.0,0.0,0.0,0.0,0.0,0.0,0.0,0.0,0.0,0.0,0.0,0.0,0.0,0.0,0.0,0.0,0.0,0.0,0.0,0.0,0.0,0.0,0.0,0.0,0.0,0.0,0.0,0.0,0.0,0.0
19,0.48717948717948717,0.4864864864864865,0.4864864864864865,0.45454545454545453,0.4523809523809524,0.4523809523809524,0.5,0.5,0.5,0.5,0.5405405405405406,0.5405405405405406,0.5128205128205128,0.5128205128205128,0.5263157894736842,0.5263157894736842,0.5263157894736842,0.0,0.0,0.0,0.0,0.0,0.0,0.0,0.0,0.0,0.0,0.0,0.0,0.0,0.0,0.0,0.0,0.0,0.0,0.0,0.0,0.0,0.0,0.0,0.0,0.0,0.0,0.0,0.0,0.0,0.0,0.0,0.0,0.0,0.0,0.0,0.0,0.0,0.0,0.0,0.0,0.0,0.0,0.0,0.0,0.0,0.0,0.0,0.0,0.0,0.0,0.0,0.0,0.0,0.0,0.0,0.0,0.0,0.0,0.0,0.0,0.0,0.0,0.0,0.0,0.0,0.0,0.0,0.0,0.0,0.0,0.0,0.0,0.0,0.0,0.0,0.0,0.0,0.0,0.0,0.0,0.0,0.0
20,0.475,0.5135135135135135,0.5135135135135135,0.48484848484848486,0.47619047619047616,0.47619047619047616,0.5263157894736842,0.5263157894736842,0.48717948717948717,0.48717948717948717,0.5263157894736842,0.5263157894736842,0.5384615384615384,0.5384615384615384,0.5128205128205128,0.5128205128205128,0.5128205128205128,0.9032258064516129,0.0,0.0,0.0,0.0,0.0,0.0,0.0,0.0,0.0,0.0,0.0,0.0,0.0,0.0,0.0,0.0,0.0,0.0,0.0,0.0,0.0,0.0,0.0,0.0,0.0,0.0,0.0,0.0,0.0,0.0,0.0,0.0,0.0,0.0,0.0,0.0,0.0,0.0,0.0,0.0,0.0,0.0,0.0,0.0,0.0,0.0,0.0,0.0,0.0,0.0,0.0,0.0,0.0,0.0,0.0,0.0,0.0,0.0,0.0,0.0,0.0,0.0,0.0,0.0,0.0,0.0,0.0,0.0,0.0,0.0,0.0,0.0,0.0,0.0,0.0,0.0,0.0,0.0,0.0,0.0,0.0
21,0.42592592592592593,0.27586206896551724,0.27586206896551724,0.3673469387755102,0.5094339622641509,0.5094339622641509,0.46153846153846156,0.46153846153846156,0.49019607843137253,0.49019607843137253,0.49019607843137253,0.49019607843137253,0.5,0.5,0.26229508196721313,0.26229508196721313,0.42592592592592593,0.375,0.375,0.0,0.0,0.0,0.0,0.0,0.0,0.0,0.0,0.0,0.0,0.0,0.0,0.0,0.0,0.0,0.0,0.0,0.0,0.0,0.0,0.0,0.0,0.0,0.0,0.0,0.0,0.0,0.0,0.0,0.0,0.0,0.0,0.0,0.0,0.0,0.0,0.0,0.0,0.0,0.0,0.0,0.0,0.0,0.0,0.0,0.0,0.0,0.0,0.0,0.0,0.0,0.0,0.0,0.0,0.0,0.0,0.0,0.0,0.0,0.0,0.0,0.0,0.0,0.0,0.0,0.0,0.0,0.0,0.0,0.0,0.0,0.0,0.0,0.0,0.0,0.0,0.0,0.0,0.0,0.0
22,0.42592592592592593,0.27586206896551724,0.27586206896551724,0.3673469387755102,0.5094339622641509,0.5094339622641509,0.46153846153846156,0.46153846153846156,0.49019607843137253,0.49019607843137253,0.49019607843137253,0.49019607843137253,0.5,0.5,0.26229508196721313,0.26229508196721313,0.42592592592592593,0.375,0.375,0.39285714285714285,0.0,0.0,0.0,0.0,0.0,0.0,0.0,0.0,0.0,0.0,0.0,0.0,0.0,0.0,0.0,0.0,0.0,0.0,0.0,0.0,0.0,0.0,0.0,0.0,0.0,0.0,0.0,0.0,0.0,0.0,0.0,0.0,0.0,0.0,0.0,0.0,0.0,0.0,0.0,0.0,0.0,0.0,0.0,0.0,0.0,0.0,0.0,0.0,0.0,0.0,0.0,0.0,0.0,0.0,0.0,0.0,0.0,0.0,0.0,0.0,0.0,0.0,0.0,0.0,0.0,0.0,0.0,0.0,0.0,0.0,0.0,0.0,0.0,0.0,0.0,0.0,0.0,0.0,0.0
23,0.4634146341463415,0.8387096774193549,0.8387096774193549,0.42857142857142855,0.3404255319148936,0.3404255319148936,0.37209302325581395,0.37209302325581395,0.37209302325581395,0.37209302325581395,0.5128205128205128,0.5128205128205128,0.4878048780487805,0.4878048780487805,0.7142857142857143,0.7142857142857143,0.5,0.5,0.5,0.4523809523809524,0.31666666666666665,0.0,0.0,0.0,0.0,0.0,0.0,0.0,0.0,0.0,0.0,0.0,0.0,0.0,0.0,0.0,0.0,0.0,0.0,0.0,0.0,0.0,0.0,0.0,0.0,0.0,0.0,0.0,0.0,0.0,0.0,0.0,0.0,0.0,0.0,0.0,0.0,0.0,0.0,0.0,0.0,0.0,0.0,0.0,0.0,0.0,0.0,0.0,0.0,0.0,0.0,0.0,0.0,0.0,0.0,0.0,0.0,0.0,0.0,0.0,0.0,0.0,0.0,0.0,0.0,0.0,0.0,0.0,0.0,0.0,0.0,0.0,0.0,0.0,0.0,0.0,0.0,0.0,0.0
24,0.4634146341463415,0.8387096774193549,0.8387096774193549,0.42857142857142855,0.3404255319148936,0.3404255319148936,0.37209302325581395,0.37209302325581395,0.37209302325581395,0.37209302325581395,0.5128205128205128,0.5128205128205128,0.4878048780487805,0.4878048780487805,0.7142857142857143,0.7142857142857143,0.5,0.5,0.5,0.4523809523809524,0.31666666666666665,0.31666666666666665,0.0,0.0,0.0,0.0,0.0,0.0,0.0,0.0,0.0,0.0,0.0,0.0,0.0,0.0,0.0,0.0,0.0,0.0,0.0,0.0,0.0,0.0,0.0,0.0,0.0,0.0,0.0,0.0,0.0,0.0,0.0,0.0,0.0,0.0,0.0,0.0,0.0,0.0,0.0,0.0,0.0,0.0,0.0,0.0,0.0,0.0,0.0,0.0,0.0,0.0,0.0,0.0,0.0,0.0,0.0,0.0,0.0,0.0,0.0,0.0,0.0,0.0,0.0,0.0,0.0,0.0,0.0,0.0,0.0,0.0,0.0,0.0,0.0,0.0,0.0,0.0,0.0
25,0.4634146341463415,0.8387096774193549,0.8387096774193549,0.3888888888888889,0.3404255319148936,0.3404255319148936,0.3409090909090909,0.3409090909090909,0.37209302325581395,0.37209302325581395,0.5128205128205128,0.5128205128205128,0.4878048780487805,0.4878048780487805,0.7142857142857143,0.7142857142857143,0.5,0.5,0.5,0.4878048780487805,0.31666666666666665,0.31666666666666665,0.7222222222222222,0.0,0.0,0.0,0.0,0.0,0.0,0.0,0.0,0.0,0.0,0.0,0.0,0.0,0.0,0.0,0.0,0.0,0.0,0.0,0.0,0.0,0.0,0.0,0.0,0.0,0.0,0.0,0.0,0.0,0.0,0.0,0.0,0.0,0.0,0.0,0.0,0.0,0.0,0.0,0.0,0.0,0.0,0.0,0.0,0.0,0.0,0.0,0.0,0.0,0.0,0.0,0.0,0.0,0.0,0.0,0.0,0.0,0.0,0.0,0.0,0.0,0.0,0.0,0.0,0.0,0.0,0.0,0.0,0.0,0.0,0.0,0.0,0.0,0.0,0.0,0.0
26,0.4634146341463415,0.8387096774193549,0.8387096774193549,0.3888888888888889,0.3404255319148936,0.3404255319148936,0.3409090909090909,0.3409090909090909,0.37209302325581395,0.37209302325581395,0.5128205128205128,0.5128205128205128,0.4878048780487805,0.4878048780487805,0.7142857142857143,0.7142857142857143,0.5,0.5,0.5,0.4878048780487805,0.31666666666666665,0.31666666666666665,0.7222222222222222,0.7222222222222222,0.0,0.0,0.0,0.0,0.0,0.0,0.0,0.0,0.0,0.0,0.0,0.0,0.0,0.0,0.0,0.0,0.0,0.0,0.0,0.0,0.0,0.0,0.0,0.0,0.0,0.0,0.0,0.0,0.0,0.0,0.0,0.0,0.0,0.0,0.0,0.0,0.0,0.0,0.0,0.0,0.0,0.0,0.0,0.0,0.0,0.0,0.0,0.0,0.0,0.0,0.0,0.0,0.0,0.0,0.0,0.0,0.0,0.0,0.0,0.0,0.0,0.0,0.0,0.0,0.0,0.0,0.0,0.0,0.0,0.0,0.0,0.0,0.0,0.0,0.0
27,0.5714285714285714,0.9259259259259259,0.9259259259259259,0.40625,0.3181818181818182,0.3181818181818182,0.35,0.35,0.35,0.35,0.5428571428571428,0.5428571428571428,0.5135135135135135,0.5135135135135135,0.896551724137931,0.896551724137931,0.5277777777777778,0.5277777777777778,0.5277777777777778,0.5135135135135135,0.27586206896551724,0.27586206896551724,0.78125,0.78125,0.78125,0.0,0.0,0.0,0.0,0.0,0.0,0.0,0.0,0.0,0.0,0.0,0.0,0.0,0.0,0.0,0.0,0.0,0.0,0.0,0.0,0.0,0.0,0.0,0.0,0.0,0.0,0.0,0.0,0.0,0.0,0.0,0.0,0.0,0.0,0.0,0.0,0.0,0.0,0.0,0.0,0.0,0.0,0.0,0.0,0.0,0.0,0.0,0.0,0.0,0.0,0.0,0.0,0.0,0.0,0.0,0.0,0.0,0.0,0.0,0.0,0.0,0.0,0.0,0.0,0.0,0.0,0.0,0.0,0.0,0.0,0.0,0.0,0.0,0.0
28,0.5714285714285714,0.9259259259259259,0.9259259259259259,0.40625,0.3181818181818182,0.3181818181818182,0.35,0.35,0.35,0.35,0.5428571428571428,0.5428571428571428,0.5135135135135135,0.5135135135135135,0.896551724137931,0.896551724137931,0.5277777777777778,0.5277777777777778,0.5277777777777778,0.5135135135135135,0.27586206896551724,0.27586206896551724,0.78125,0.78125,0.78125,0.78125,0.0,0.0,0.0,0.0,0.0,0.0,0.0,0.0,0.0,0.0,0.0,0.0,0.0,0.0,0.0,0.0,0.0,0.0,0.0,0.0,0.0,0.0,0.0,0.0,0.0,0.0,0.0,0.0,0.0,0.0,0.0,0.0,0.0,0.0,0.0,0.0,0.0,0.0,0.0,0.0,0.0,0.0,0.0,0.0,0.0,0.0,0.0,0.0,0.0,0.0,0.0,0.0,0.0,0.0,0.0,0.0,0.0,0.0,0.0,0.0,0.0,0.0,0.0,0.0,0.0,0.0,0.0,0.0,0.0,0.0,0.0,0.0,0.0
29,0.4864864864864865,0.40540540540540543,0.40540540540540543,0.5517241379310345,0.5675675675675675,0.5675675675675675,0.5882352941176471,0.5882352941176471,0.5882352941176471,0.5882352941176471,0.6363636363636364,0.6363636363636364,0.6,0.6,0.375,0.375,0.5277777777777778,0.5277777777777778,0.5277777777777778,0.5555555555555556,0.4230769230769231,0.4230769230769231,0.425,0.425,0.425,0.425,0.40540540540540543,0.0,0.0,0.0,0.0,0.0,0.0,0.0,0.0,0.0,0.0,0.0,0.0,0.0,0.0,0.0,0.0,0.0,0.0,0.0,0.0,0.0,0.0,0.0,0.0,0.0,0.0,0.0,0.0,0.0,0.0,0.0,0.0,0.0,0.0,0.0,0.0,0.0,0.0,0.0,0.0,0.0,0.0,0.0,0.0,0.0,0.0,0.0,0.0,0.0,0.0,0.0,0.0,0.0,0.0,0.0,0.0,0.0,0.0,0.0,0.0,0.0,0.0,0.0,0.0,0.0,0.0,0.0,0.0,0.0,0.0,0.0,0.0
30,0.4864864864864865,0.40540540540540543,0.40540540540540543,0.5517241379310345,0.5675675675675675,0.5675675675675675,0.5882352941176471,0.5882352941176471,0.5882352941176471,0.5882352941176471,0.6363636363636364,0.6363636363636364,0.6,0.6,0.375,0.375,0.5277777777777778,0.5277777777777778,0.5277777777777778,0.5555555555555556,0.4230769230769231,0.4230769230769231,0.425,0.425,0.425,0.425,0.40540540540540543,0.40540540540540543,0.0,0.0,0.0,0.0,0.0,0.0,0.0,0.0,0.0,0.0,0.0,0.0,0.0,0.0,0.0,0.0,0.0,0.0,0.0,0.0,0.0,0.0,0.0,0.0,0.0,0.0,0.0,0.0,0.0,0.0,0.0,0.0,0.0,0.0,0.0,0.0,0.0,0.0,0.0,0.0,0.0,0.0,0.0,0.0,0.0,0.0,0.0,0.0,0.0,0.0,0.0,0.0,0.0,0.0,0.0,0.0,0.0,0.0,0.0,0.0,0.0,0.0,0.0,0.0,0.0,0.0,0.0,0.0,0.0,0.0,0.0
31,0.3793103448275862,0.5098039215686274,0.5098039215686274,0.32075471698113206,0.509090909090909,0.509090909090909,0.46296296296296297,0.46296296296296297,0.46296296296296297,0.46296296296296297,0.46296296296296297,0.46296296296296297,0.4727272727272727,0.4727272727272727,0.5094339622641509,0.5094339622641509,0.3793103448275862,0.3559322033898305,0.3559322033898305,0.3728813559322034,0.39436619718309857,0.39436619718309857,0.4642857142857143,0.4642857142857143,0.4642857142857143,0.4642857142857143,0.4807692307692308,0.4807692307692308,0.4528301886792453,0.0,0.0,0.0,0.0,0.0,0.0,0.0,0.0,0.0,0.0,0.0,0.0,0.0,0.0,0.0,0.0,0.0,0.0,0.0,0.0,0.0,0.0,0.0,0.0,0.0,0.0,0.0,0.0,0.0,0.0,0.0,0.0,0.0,0.0,0.0,0.0,0.0,0.0,0.0,0.0,0.0,0.0,0.0,0.0,0.0,0.0,0.0,0.0,0.0,0.0,0.0,0.0,0.0,0.0,0.0,0.0,0.0,0.0,0.0,0.0,0.0,0.0,0.0,0.0,0.0,0.0,0.0,0.0,0.0,0.0
32,0.5454545454545454,0.37142857142857144,0.37142857142857144,0.5769230769230769,0.5882352941176471,0.5882352941176471,0.6129032258064516,0.6129032258064516,0.6129032258064516,0.6129032258064516,0.6666666666666666,0.6666666666666666,0.625,0.625,0.34210526315789475,0.34210526315789475,0.5454545454545454,0.45714285714285713,0.45714285714285713,0.4857142857142857,0.4,0.4,0.358974358974359,0.358974358974359,0.39473684210526316,0.39473684210526316,0.37142857142857144,0.37142857142857144,0.6,0.6,0.0,0.0,0.0,0.0,0.0,0.0,0.0,0.0,0.0,0.0,0.0,0.0,0.0,0.0,0.0,0.0,0.0,0.0,0.0,0.0,0.0,0.0,0.0,0.0,0.0,0.0,0.0,0.0,0.0,0.0,0.0,0.0,0.0,0.0,0.0,0.0,0.0,0.0,0.0,0.0,0.0,0.0,0.0,0.0,0.0,0.0,0.0,0.0,0.0,0.0,0.0,0.0,0.0,0.0,0.0,0.0,0.0,0.0,0.0,0.0,0.0,0.0,0.0,0.0,0.0,0.0,0.0,0.0,0.0
33,0.39215686274509803,0.2830188679245283,0.2830188679245283,0.38636363636363635,0.574468085106383,0.574468085106383,0.5217391304347826,0.5217391304347826,0.5555555555555556,0.5555555555555556,0.5555555555555556,0.5555555555555556,0.6,0.6,0.26785714285714285,0.26785714285714285,0.42,0.42,0.42,0.46938775510204084,0.5254237288135594,0.5517241379310345,0.30357142857142855,0.30357142857142855,0.30357142857142855,0.30357142857142855,0.2830188679245283,0.2830188679245283,0.44680851063829785,0.44680851063829785,0.453125,0.0,0.0,0.0,0.0,0.0,0.0,0.0,0.0,0.0,0.0,0.0,0.0,0.0,0.0,0.0,0.0,0.0,0.0,0.0,0.0,0.0,0.0,0.0,0.0,0.0,0.0,0.0,0.0,0.0,0.0,0.0,0.0,0.0,0.0,0.0,0.0,0.0,0.0,0.0,0.0,0.0,0.0,0.0,0.0,0.0,0.0,0.0,0.0,0.0,0.0,0.0,0.0,0.0,0.0,0.0,0.0,0.0,0.0,0.0,0.0,0.0,0.0,0.0,0.0,0.0,0.0,0.0,0.0
34,0.39215686274509803,0.2830188679245283,0.2830188679245283,0.38636363636363635,0.574468085106383,0.574468085106383,0.5217391304347826,0.5217391304347826,0.5555555555555556,0.5555555555555556,0.5555555555555556,0.5555555555555556,0.6,0.6,0.26785714285714285,0.26785714285714285,0.42,0.42,0.42,0.46938775510204084,0.5254237288135594,0.5254237288135594,0.30357142857142855,0.30357142857142855,0.30357142857142855,0.30357142857142855,0.2830188679245283,0.2830188679245283,0.44680851063829785,0.44680851063829785,0.453125,0.4883720930232558,0.0,0.0,0.0,0.0,0.0,0.0,0.0,0.0,0.0,0.0,0.0,0.0,0.0,0.0,0.0,0.0,0.0,0.0,0.0,0.0,0.0,0.0,0.0,0.0,0.0,0.0,0.0,0.0,0.0,0.0,0.0,0.0,0.0,0.0,0.0,0.0,0.0,0.0,0.0,0.0,0.0,0.0,0.0,0.0,0.0,0.0,0.0,0.0,0.0,0.0,0.0,0.0,0.0,0.0,0.0,0.0,0.0,0.0,0.0,0.0,0.0,0.0,0.0,0.0,0.0,0.0,0.0
36,0.5,0.3783783783783784,0.3783783783783784,0.5714285714285714,0.6764705882352942,0.6764705882352942,0.7096774193548387,0.7096774193548387,0.65625,0.65625,0.65625,0.65625,0.6176470588235294,0.6176470588235294,0.35,0.35,0.5,0.5428571428571428,0.5428571428571428,0.5714285714285714,0.43137254901960786,0.43137254901960786,0.36585365853658536,0.36585365853658536,0.36585365853658536,0.36585365853658536,0.3783783783783784,0.3783783783783784,0.5454545454545454,0.5454545454545454,0.4339622641509434,0.6785714285714286,0.5227272727272727,0.0,0.0,0.0,0.0,0.0,0.0,0.0,0.0,0.0,0.0,0.0,0.0,0.0,0.0,0.0,0.0,0.0,0.0,0.0,0.0,0.0,0.0,0.0,0.0,0.0,0.0,0.0,0.0,0.0,0.0,0.0,0.0,0.0,0.0,0.0,0.0,0.0,0.0,0.0,0.0,0.0,0.0,0.0,0.0,0.0,0.0,0.0,0.0,0.0,0.0,0.0,0.0,0.0,0.0,0.0,0.0,0.0,0.0,0.0,0.0,0.0,0.0,0.0,0.0,0.0,0.0
37,0.43333333333333335,0.42857142857142855,0.42857142857142855,0.5714285714285714,0.3939393939393939,0.3939393939393939,0.4482758620689655,0.4482758620689655,0.4482758620689655,0.4482758620689655,0.4482758620689655,0.4482758620689655,0.41935483870967744,0.41935483870967744,0.3870967741935484,0.3870967741935484,0.43333333333333335,0.3870967741935484,0.3870967741935484,0.375,0.2916666666666667,0.2916666666666667,0.36363636363636365,0.36363636363636365,0.36363636363636365,0.36363636363636365,0.42857142857142855,0.42857142857142855,0.48148148148148145,0.48148148148148145,0.25,0.5652173913043478,0.3023255813953488,0.3023255813953488,0.0,0.0,0.0,0.0,0.0,0.0,0.0,0.0,0.0,0.0,0.0,0.0,0.0,0.0,0.0,0.0,0.0,0.0,0.0,0.0,0.0,0.0,0.0,0.0,0.0,0.0,0.0,0.0,0.0,0.0,0.0,0.0,0.0,0.0,0.0,0.0,0.0,0.0,0.0,0.0,0.0,0.0,0.0,0.0,0.0,0.0,0.0,0.0,0.0,0.0,0.0,0.0,0.0,0.0,0.0,0.0,0.0,0.0,0.0,0.0,0.0,0.0,0.0,0.0,0.0
38,0.43333333333333335,0.42857142857142855,0.42857142857142855,0.5714285714285714,0.3939393939393939,0.3939393939393939,0.4482758620689655,0.4482758620689655,0.4482758620689655,0.4482758620689655,0.4482758620689655,0.4482758620689655,0.41935483870967744,0.41935483870967744,0.3870967741935484,0.3870967741935484,0.43333333333333335,0.3870967741935484,0.3870967741935484,0.375,0.2916666666666667,0.2916666666666667,0.36363636363636365,0.36363636363636365,0.36363636363636365,0.36363636363636365,0.42857142857142855,0.42857142857142855,0.48148148148148145,0.48148148148148145,0.25,0.5652173913043478,0.3023255813953488,0.3023255813953488,0.5,0.0,0.0,0.0,0.0,0.0,0.0,0.0,0.0,0.0,0.0,0.0,0.0,0.0,0.0,0.0,0.0,0.0,0.0,0.0,0.0,0.0,0.0,0.0,0.0,0.0,0.0,0.0,0.0,0.0,0.0,0.0,0.0,0.0,0.0,0.0,0.0,0.0,0.0,0.0,0.0,0.0,0.0,0.0,0.0,0.0,0.0,0.0,0.0,0.0,0.0,0.0,0.0,0.0,0.0,0.0,0.0,0.0,0.0,0.0,0.0,0.0,0.0,0.0,0.0
40,0.4,0.4444444444444444,0.4444444444444444,0.5238095238095238,0.36363636363636365,0.36363636363636365,0.41379310344827586,0.41379310344827586,0.41379310344827586,0.41379310344827586,0.41379310344827586,0.41379310344827586,0.3870967741935484,0.3870967741935484,0.4,0.4,0.4,0.3548387096774194,0.3548387096774194,0.3870967741935484,0.2708333333333333,0.2708333333333333,0.375,0.375,0.375,0.375,0.4444444444444444,0.4444444444444444,0.4444444444444444,0.4444444444444444,0.23076923076923078,0.5217391304347826,0.27906976744186046,0.27906976744186046,0.46153846153846156,0.9285714285714286,0.0,0.0,0.0,0.0,0.0,0.0,0.0,0.0,0.0,0.0,0.0,0.0,0.0,0.0,0.0,0.0,0.0,0.0,0.0,0.0,0.0,0.0,0.0,0.0,0.0,0.0,0.0,0.0,0.0,0.0,0.0,0.0,0.0,0.0,0.0,0.0,0.0,0.0,0.0,0.0,0.0,0.0,0.0,0.0,0.0,0.0,0.0,0.0,0.0,0.0,0.0,0.0,0.0,0.0,0.0,0.0,0.0,0.0,0.0,0.0,0.0,0.0,0.0
41,0.45454545454545453,0.4878048780487805,0.4878048780487805,0.42105263157894735,0.5227272727272727,0.5581395348837209,0.575,0.575,0.575,0.575,0.6153846153846154,0.6153846153846154,0.6666666666666666,0.6666666666666666,0.4883720930232558,0.4883720930232558,0.4883720930232558,0.4883720930232558,0.4883720930232558,0.5476190476190477,0.45614035087719296,0.45614035087719296,0.5348837209302325,0.5348837209302325,0.5,0.5,0.4523809523809524,0.4523809523809524,0.525,0.525,0.5087719298245614,0.5,0.5098039215686274,0.5098039215686274,0.5,0.32432432432432434,0.32432432432432434,0.0,0.0,0.0,0.0,0.0,0.0,0.0,0.0,0.0,0.0,0.0,0.0,0.0,0.0,0.0,0.0,0.0,0.0,0.0,0.0,0.0,0.0,0.0,0.0,0.0,0.0,0.0,0.0,0.0,0.0,0.0,0.0,0.0,0.0,0.0,0.0,0.0,0.0,0.0,0.0,0.0,0.0,0.0,0.0,0.0,0.0,0.0,0.0,0.0,0.0,0.0,0.0,0.0,0.0,0.0,0.0,0.0,0.0,0.0,0.0,0.0,0.0
42,0.45454545454545453,0.4878048780487805,0.4878048780487805,0.42105263157894735,0.5227272727272727,0.5227272727272727,0.575,0.575,0.575,0.575,0.6153846153846154,0.6153846153846154,0.6666666666666666,0.6666666666666666,0.4883720930232558,0.4883720930232558,0.4883720930232558,0.4883720930232558,0.4883720930232558,0.5476190476190477,0.45614035087719296,0.45614035087719296,0.5348837209302325,0.5348837209302325,0.5,0.5,0.4523809523809524,0.4523809523809524,0.525,0.525,0.5087719298245614,0.5,0.5098039215686274,0.5098039215686274,0.5,0.32432432432432434,0.32432432432432434,0.3333333333333333,0.0,0.0,0.0,0.0,0.0,0.0,0.0,0.0,0.0,0.0,0.0,0.0,0.0,0.0,0.0,0.0,0.0,0.0,0.0,0.0,0.0,0.0,0.0,0.0,0.0,0.0,0.0,0.0,0.0,0.0,0.0,0.0,0.0,0.0,0.0,0.0,0.0,0.0,0.0,0.0,0.0,0.0,0.0,0.0,0.0,0.0,0.0,0.0,0.0,0.0,0.0,0.0,0.0,0.0,0.0,0.0,0.0,0.0,0.0,0.0,0.0
43,0.36363636363636365,0.32558139534883723,0.32558139534883723,0.35135135135135137,0.26,0.26,0.2826086956521739,0.2826086956521739,0.2826086956521739,0.2826086956521739,0.37209302325581395,0.37209302325581395,0.35555555555555557,0.35555555555555557,0.4634146341463415,0.4634146341463415,0.36363636363636365,0.42857142857142855,0.42857142857142855,0.35555555555555557,0.234375,0.234375,0.3191489361702128,0.3191489361702128,0.3191489361702128,0.3191489361702128,0.35714285714285715,0.35714285714285715,0.29545454545454547,0.29545454545454547,0.26153846153846155,0.358974358974359,0.23728813559322035,0.23728813559322035,0.3023255813953488,0.3235294117647059,0.3235294117647059,0.3333333333333333,0.32,0.0,0.0,0.0,0.0,0.0,0.0,0.0,0.0,0.0,0.0,0.0,0.0,0.0,0.0,0.0,0.0,0.0,0.0,0.0,0.0,0.0,0.0,0.0,0.0,0.0,0.0,0.0,0.0,0.0,0.0,0.0,0.0,0.0,0.0,0.0,0.0,0.0,0.0,0.0,0.0,0.0,0.0,0.0,0.0,0.0,0.0,0.0,0.0,0.0,0.0,0.0,0.0,0.0,0.0,0.0,0.0,0.0,0.0,0.0,0.0
44,0.36363636363636365,0.32558139534883723,0.32558139534883723,0.35135135135135137,0.26,0.26,0.2826086956521739,0.2826086956521739,0.2826086956521739,0.2826086956521739,0.37209302325581395,0.37209302325581395,0.35555555555555557,0.35555555555555557,0.4634146341463415,0.4634146341463415,0.36363636363636365,0.42857142857142855,0.42857142857142855,0.35555555555555557,0.234375,0.234375,0.3191489361702128,0.3191489361702128,0.3191489361702128,0.3191489361702128,0.35714285714285715,0.35714285714285715,0.29545454545454547,0.29545454545454547,0.26153846153846155,0.358974358974359,0.23728813559322035,0.23728813559322035,0.3023255813953488,0.3235294117647059,0.3235294117647059,0.3333333333333333,0.32,0.32,0.0,0.0,0.0,0.0,0.0,0.0,0.0,0.0,0.0,0.0,0.0,0.0,0.0,0.0,0.0,0.0,0.0,0.0,0.0,0.0,0.0,0.0,0.0,0.0,0.0,0.0,0.0,0.0,0.0,0.0,0.0,0.0,0.0,0.0,0.0,0.0,0.0,0.0,0.0,0.0,0.0,0.0,0.0,0.0,0.0,0.0,0.0,0.0,0.0,0.0,0.0,0.0,0.0,0.0,0.0,0.0,0.0,0.0,0.0
45,0.4,0.36363636363636365,0.36363636363636365,0.358974358974359,0.29411764705882354,0.29411764705882354,0.3191489361702128,0.3191489361702128,0.3191489361702128,0.3191489361702128,0.4090909090909091,0.4090909090909091,0.391304347826087,0.391304347826087,0.46511627906976744,0.46511627906976744,0.4,0.4318181818181818,0.4318181818181818,0.3617021276595745,0.28125,0.28125,0.32653061224489793,0.32653061224489793,0.3541666666666667,0.3541666666666667,0.3953488372093023,0.3953488372093023,0.3333333333333333,0.3333333333333333,0.2878787878787879,0.4,0.26666666666666666,0.26666666666666666,0.37209302325581395,0.3333333333333333,0.3333333333333333,0.3055555555555556,0.3269230769230769,0.3269230769230769,0.9117647058823529,0.0,0.0,0.0,0.0,0.0,0.0,0.0,0.0,0.0,0.0,0.0,0.0,0.0,0.0,0.0,0.0,0.0,0.0,0.0,0.0,0.0,0.0,0.0,0.0,0.0,0.0,0.0,0.0,0.0,0.0,0.0,0.0,0.0,0.0,0.0,0.0,0.0,0.0,0.0,0.0,0.0,0.0,0.0,0.0,0.0,0.0,0.0,0.0,0.0,0.0,0.0,0.0,0.0,0.0,0.0,0.0,0.0,0.0
46,0.4,0.36363636363636365,0.36363636363636365,0.358974358974359,0.29411764705882354,0.29411764705882354,0.3191489361702128,0.3191489361702128,0.3191489361702128,0.3191489361702128,0.4090909090909091,0.4090909090909091,0.391304347826087,0.391304347826087,0.46511627906976744,0.46511627906976744,0.4,0.4318181818181818,0.4318181818181818,0.3617021276595745,0.28125,0.28125,0.32653061224489793,0.32653061224489793,0.3541666666666667,0.3541666666666667,0.3953488372093023,0.3953488372093023,0.3333333333333333,0.3333333333333333,0.2878787878787879,0.4,0.26666666666666666,0.26666666666666666,0.37209302325581395,0.3333333333333333,0.3333333333333333,0.3055555555555556,0.3269230769230769,0.3269230769230769,0.9117647058823529,0.9117647058823529,0.0,0.0,0.0,0.0,0.0,0.0,0.0,0.0,0.0,0.0,0.0,0.0,0.0,0.0,0.0,0.0,0.0,0.0,0.0,0.0,0.0,0.0,0.0,0.0,0.0,0.0,0.0,0.0,0.0,0.0,0.0,0.0,0.0,0.0,0.0,0.0,0.0,0.0,0.0,0.0,0.0,0.0,0.0,0.0,0.0,0.0,0.0,0.0,0.0,0.0,0.0,0.0,0.0,0.0,0.0,0.0,0.0
47,0.5405405405405406,0.5882352941176471,0.5882352941176471,0.5161290322580645,0.7647058823529411,0.7647058823529411,0.9310344827586207,0.9310344827586207,0.696969696969697,0.696969696969697,0.75,0.75,0.8125,0.8125,0.5,0.5,0.5405405405405406,0.5405405405405406,0.5405405405405406,0.5675675675675675,0.46153846153846156,0.46153846153846156,0.5128205128205128,0.5128205128205128,0.5128205128205128,0.5128205128205128,0.5428571428571428,0.5428571428571428,0.5882352941176471,0.5882352941176471,0.46296296296296297,0.6666666666666666,0.5217391304347826,0.5217391304347826,0.7096774193548387,0.4482758620689655,0.4482758620689655,0.41379310344827586,0.575,0.575,0.37209302325581395,0.37209302325581395,0.4090909090909091,0.0,0.0,0.0,0.0,0.0,0.0,0.0,0.0,0.0,0.0,0.0,0.0,0.0,0.0,0.0,0.0,0.0,0.0,0.0,0.0,0.0,0.0,0.0,0.0,0.0,0.0,0.0,0.0,0.0,0.0,0.0,0.0,0.0,0.0,0.0,0.0,0.0,0.0,0.0,0.0,0.0,0.0,0.0,0.0,0.0,0.0,0.0,0.0,0.0,0.0,0.0,0.0,0.0,0.0,0.0,0.0
48,0.5405405405405406,0.5882352941176471,0.5882352941176471,0.5161290322580645,0.7647058823529411,0.7647058823529411,0.9310344827586207,0.9310344827586207,0.696969696969697,0.696969696969697,0.75,0.75,0.8125,0.8125,0.5,0.5,0.5405405405405406,0.5405405405405406,0.5405405405405406,0.5675675675675675,0.46153846153846156,0.46153846153846156,0.5128205128205128,0.5128205128205128,0.5128205128205128,0.5128205128205128,0.5428571428571428,0.5428571428571428,0.5882352941176471,0.5882352941176471,0.46296296296296297,0.6666666666666666,0.5217391304347826,0.5217391304347826,0.7096774193548387,0.4482758620689655,0.4482758620689655,0.41379310344827586,0.575,0.575,0.37209302325581395,0.37209302325581395,0.4090909090909091,0.4090909090909091,0.0,0.0,0.0,0.0,0.0,0.0,0.0,0.0,0.0,0.0,0.0,0.0,0.0,0.0,0.0,0.0,0.0,0.0,0.0,0.0,0.0,0.0,0.0,0.0,0.0,0.0,0.0,0.0,0.0,0.0,0.0,0.0,0.0,0.0,0.0,0.0,0.0,0.0,0.0,0.0,0.0,0.0,0.0,0.0,0.0,0.0,0.0,0.0,0.0,0.0,0.0,0.0,0.0,0.0,0.0
49,0.5625,0.38235294117647056,0.38235294117647056,0.6,0.6060606060606061,0.6060606060606061,0.6333333333333333,0.6333333333333333,0.6896551724137931,0.6896551724137931,0.6896551724137931,0.6896551724137931,0.6451612903225806,0.6451612903225806,0.35135135135135137,0.35135135135135137,0.6129032258064516,0.47058823529411764,0.47058823529411764,0.5,0.38,0.38,0.3684210526315789,0.3684210526315789,0.40540540540540543,0.40540540540540543,0.38235294117647056,0.38235294117647056,0.5666666666666667,0.5666666666666667,0.4117647058823529,0.7916666666666666,0.5,0.5,0.6428571428571429,0.5217391304347826,0.5217391304347826,0.4782608695652174,0.5135135135135135,0.5135135135135135,0.3,0.3,0.34146341463414637,0.34146341463414637,0.6333333333333333,0.0,0.0,0.0,0.0,0.0,0.0,0.0,0.0,0.0,0.0,0.0,0.0,0.0,0.0,0.0,0.0,0.0,0.0,0.0,0.0,0.0,0.0,0.0,0.0,0.0,0.0,0.0,0.0,0.0,0.0,0.0,0.0,0.0,0.0,0.0,0.0,0.0,0.0,0.0,0.0,0.0,0.0,0.0,0.0,0.0,0.0,0.0,0.0,0.0,0.0,0.0,0.0,0.0,0.0
50,0.5625,0.38235294117647056,0.38235294117647056,0.6,0.6060606060606061,0.6060606060606061,0.6333333333333333,0.6333333333333333,0.6896551724137931,0.6896551724137931,0.6896551724137931,0.6896551724137931,0.6451612903225806,0.6451612903225806,0.35135135135135137,0.35135135135135137,0.6129032258064516,0.47058823529411764,0.47058823529411764,0.5,0.38,0.38,0.3684210526315789,0.3684210526315789,0.40540540540540543,0.40540540540540543,0.38235294117647056,0.38235294117647056,0.5666666666666667,0.5666666666666667,0.4117647058823529,0.7916666666666666,0.5,0.5,0.6428571428571429,0.5217391304347826,0.5217391304347826,0.4782608695652174,0.5135135135135135,0.5135135135135135,0.3,0.3,0.34146341463414637,0.34146341463414637,0.6333333333333333,0.6333333333333333,0.0,0.0,0.0,0.0,0.0,0.0,0.0,0.0,0.0,0.0,0.0,0.0,0.0,0.0,0.0,0.0,0.0,0.0,0.0,0.0,0.0,0.0,0.0,0.0,0.0,0.0,0.0,0.0,0.0,0.0,0.0,0.0,0.0,0.0,0.0,0.0,0.0,0.0,0.0,0.0,0.0,0.0,0.0,0.0,0.0,0.0,0.0,0.0,0.0,0.0,0.0,0.0,0.0
51,0.4634146341463415,0.32558139534883723,0.32558139534883723,0.5151515151515151,0.9090909090909091,0.9090909090909091,0.7878787878787878,0.7878787878787878,0.7352941176470589,0.7352941176470589,0.7352941176470589,0.7352941176470589,0.7428571428571429,0.7428571428571429,0.30434782608695654,0.30434782608695654,0.5,0.42857142857142855,0.42857142857142855,0.4523809523809524,0.5192307692307693,0.5192307692307693,0.34782608695652173,0.34782608695652173,0.34782608695652173,0.34782608695652173,0.32558139534883723,0.32558139534883723,0.5405405405405406,0.5405405405405406,0.4909090909090909,0.6060606060606061,0.6222222222222222,0.6222222222222222,0.6470588235294118,0.36363636363636365,0.36363636363636365,0.3333333333333333,0.5348837209302325,0.5348837209302325,0.2653061224489796,0.2653061224489796,0.3,0.3,0.7878787878787878,0.7878787878787878,0.625,0.0,0.0,0.0,0.0,0.0,0.0,0.0,0.0,0.0,0.0,0.0,0.0,0.0,0.0,0.0,0.0,0.0,0.0,0.0,0.0,0.0,0.0,0.0,0.0,0.0,0.0,0.0,0.0,0.0,0.0,0.0,0.0,0.0,0.0,0.0,0.0,0.0,0.0,0.0,0.0,0.0,0.0,0.0,0.0,0.0,0.0,0.0,0.0,0.0,0.0,0.0,0.0
52,0.4634146341463415,0.32558139534883723,0.32558139534883723,0.47058823529411764,0.8529411764705882,0.8529411764705882,0.9032258064516129,0.9032258064516129,0.7878787878787878,0.7878787878787878,0.7352941176470589,0.7352941176470589,0.7428571428571429,0.7428571428571429,0.30434782608695654,0.30434782608695654,0.5,0.4634146341463415,0.4634146341463415,0.525,0.49056603773584906,0.49056603773584906,0.34782608695652173,0.34782608695652173,0.34782608695652173,0.34782608695652173,0.32558139534883723,0.32558139534883723,0.5405405405405406,0.5405405405405406,0.4642857142857143,0.6060606060606061,0.5531914893617021,0.5531914893617021,0.696969696969697,0.40625,0.40625,0.375,0.5348837209302325,0.5348837209302325,0.2653061224489796,0.2653061224489796,0.3,0.3,0.84375,0.84375,0.625,0.625,0.0,0.0,0.0,0.0,0.0,0.0,0.0,0.0,0.0,0.0,0.0,0.0,0.0,0.0,0.0,0.0,0.0,0.0,0.0,0.0,0.0,0.0,0.0,0.0,0.0,0.0,0.0,0.0,0.0,0.0,0.0,0.0,0.0,0.0,0.0,0.0,0.0,0.0,0.0,0.0,0.0,0.0,0.0,0.0,0.0,0.0,0.0,0.0,0.0,0.0,0.0
53,0.4634146341463415,0.32558139534883723,0.32558139534883723,0.47058823529411764,0.8529411764705882,0.8529411764705882,0.9032258064516129,0.9032258064516129,0.7878787878787878,0.7878787878787878,0.7352941176470589,0.7352941176470589,0.7428571428571429,0.7428571428571429,0.30434782608695654,0.30434782608695654,0.5,0.4634146341463415,0.4634146341463415,0.525,0.49056603773584906,0.49056603773584906,0.34782608695652173,0.34782608695652173,0.34782608695652173,0.34782608695652173,0.32558139534883723,0.32558139534883723,0.5405405405405406,0.5405405405405406,0.4642857142857143,0.6060606060606061,0.5531914893617021,0.5531914893617021,0.696969696969697,0.40625,0.40625,0.375,0.5348837209302325,0.5348837209302325,0.2653061224489796,0.2653061224489796,0.3,0.3,0.84375,0.84375,0.625,0.625,0.8787878787878788,0.0,0.0,0.0,0.0,0.0,0.0,0.0,0.0,0.0,0.0,0.0,0.0,0.0,0.0,0.0,0.0,0.0,0.0,0.0,0.0,0.0,0.0,0.0,0.0,0.0,0.0,0.0,0.0,0.0,0.0,0.0,0.0,0.0,0.0,0.0,0.0,0.0,0.0,0.0,0.0,0.0,0.0,0.0,0.0,0.0,0.0,0.0,0.0,0.0,0.0
54,0.48717948717948717,0.896551724137931,0.896551724137931,0.37142857142857144,0.2978723404255319,0.2978723404255319,0.32558139534883723,0.32558139534883723,0.32558139534883723,0.32558139534883723,0.5833333333333334,0.5833333333333334,0.5526315789473685,0.5526315789473685,0.9333333333333333,0.9333333333333333,0.5263157894736842,0.48717948717948717,0.48717948717948717,0.5128205128205128,0.26229508196721313,0.26229508196721313,0.7647058823529411,0.7647058823529411,0.7647058823529411,0.7647058823529411,0.8333333333333334,0.8333333333333334,0.375,0.375,0.5384615384615384,0.34210526315789475,0.26785714285714285,0.26785714285714285,0.35,0.3870967741935484,0.3870967741935484,0.4,0.4883720930232558,0.4883720930232558,0.30434782608695654,0.30434782608695654,0.3404255319148936,0.3404255319148936,0.5405405405405406,0.5405405405405406,0.35135135135135137,0.35135135135135137,0.30434782608695654,0.30434782608695654,0.0,0.0,0.0,0.0,0.0,0.0,0.0,0.0,0.0,0.0,0.0,0.0,0.0,0.0,0.0,0.0,0.0,0.0,0.0,0.0,0.0,0.0,0.0,0.0,0.0,0.0,0.0,0.0,0.0,0.0,0.0,0.0,0.0,0.0,0.0,0.0,0.0,0.0,0.0,0.0,0.0,0.0,0.0,0.0,0.0,0.0,0.0,0.0,0.0
55,0.48717948717948717,0.896551724137931,0.896551724137931,0.37142857142857144,0.2978723404255319,0.2978723404255319,0.32558139534883723,0.32558139534883723,0.32558139534883723,0.32558139534883723,0.5833333333333334,0.5833333333333334,0.5526315789473685,0.5526315789473685,0.9333333333333333,0.9333333333333333,0.5263157894736842,0.48717948717948717,0.48717948717948717,0.5128205128205128,0.26229508196721313,0.26229508196721313,0.7647058823529411,0.7647058823529411,0.7647058823529411,0.7647058823529411,0.8333333333333334,0.8333333333333334,0.375,0.375,0.5384615384615384,0.34210526315789475,0.26785714285714285,0.26785714285714285,0.35,0.3870967741935484,0.3870967741935484,0.4,0.4883720930232558,0.4883720930232558,0.30434782608695654,0.30434782608695654,0.3404255319148936,0.3404255319148936,0.5405405405405406,0.5405405405405406,0.35135135135135137,0.35135135135135137,0.30434782608695654,0.30434782608695654,0.30434782608695654,0.0,0.0,0.0,0.0,0.0,0.0,0.0,0.0,0.0,0.0,0.0,0.0,0.0,0.0,0.0,0.0,0.0,0.0,0.0,0.0,0.0,0.0,0.0,0.0,0.0,0.0,0.0,0.0,0.0,0.0,0.0,0.0,0.0,0.0,0.0,0.0,0.0,0.0,0.0,0.0,0.0,0.0,0.0,0.0,0.0,0.0,0.0,0.0
56,0.475,0.8666666666666667,0.8666666666666667,0.3611111111111111,0.2916666666666667,0.2916666666666667,0.3181818181818182,0.3181818181818182,0.3181818181818182,0.3181818181818182,0.6111111111111112,0.6111111111111112,0.5789473684210527,0.5789473684210527,0.9032258064516129,0.9032258064516129,0.5128205128205128,0.475,0.475,0.5,0.25806451612903225,0.25806451612903225,0.7428571428571429,0.7428571428571429,0.7428571428571429,0.7428571428571429,0.8064516129032258,0.8064516129032258,0.36585365853658536,0.36585365853658536,0.5576923076923077,0.3333333333333333,0.2631578947368421,0.2631578947368421,0.34146341463414637,0.375,0.375,0.3870967741935484,0.5116279069767442,0.5116279069767442,0.2978723404255319,0.2978723404255319,0.3333333333333333,0.3333333333333333,0.5675675675675675,0.5675675675675675,0.34210526315789475,0.34210526315789475,0.2978723404255319,0.2978723404255319,0.2978723404255319,0.9666666666666667,0.0,0.0,0.0,0.0,0.0,0.0,0.0,0.0,0.0,0.0,0.0,0.0,0.0,0.0,0.0,0.0,0.0,0.0,0.0,0.0,0.0,0.0,0.0,0.0,0.0,0.0,0.0,0.0,0.0,0.0,0.0,0.0,0.0,0.0,0.0,0.0,0.0,0.0,0.0,0.0,0.0,0.0,0.0,0.0,0.0,0.0,0.0
57,0.8484848484848485,0.48717948717948717,0.48717948717948717,0.45714285714285713,0.4222222222222222,0.4222222222222222,0.4634146341463415,0.4634146341463415,0.4634146341463415,0.4634146341463415,0.5,0.5,0.47619047619047616,0.47619047619047616,0.4878048780487805,0.4878048780487805,0.7941176470588235,0.4523809523809524,0.4523809523809524,0.4418604651162791,0.40350877192982454,0.40350877192982454,0.4318181818181818,0.4318181818181818,0.4318181818181818,0.4318181818181818,0.5263157894736842,0.5263157894736842,0.45,0.45,0.36065573770491804,0.5,0.37037037037037035,0.37037037037037035,0.46153846153846156,0.3939393939393939,0.3939393939393939,0.36363636363636365,0.425531914893617,0.425531914893617,0.3404255319148936,0.3404255319148936,0.375,0.375,0.5,0.5,0.5142857142857142,0.5142857142857142,0.4318181818181818,0.4318181818181818,0.4318181818181818,0.4523809523809524,0.4523809523809524,0.0,0.0,0.0,0.0,0.0,0.0,0.0,0.0,0.0,0.0,0.0,0.0,0.0,0.0,0.0,0.0,0.0,0.0,0.0,0.0,0.0,0.0,0.0,0.0,0.0,0.0,0.0,0.0,0.0,0.0,0.0,0.0,0.0,0.0,0.0,0.0,0.0,0.0,0.0,0.0,0.0,0.0,0.0,0.0,0.0,0.0
58,0.9655172413793104,0.5428571428571428,0.5428571428571428,0.5161290322580645,0.4634146341463415,0.4634146341463415,0.5135135135135135,0.5135135135135135,0.5135135135135135,0.5135135135135135,0.5555555555555556,0.5555555555555556,0.5263157894736842,0.5263157894736842,0.5405405405405406,0.5405405405405406,0.9,0.5,0.5,0.48717948717948717,0.4339622641509434,0.4339622641509434,0.475,0.475,0.475,0.475,0.5882352941176471,0.5882352941176471,0.5,0.5,0.38596491228070173,0.5625,0.4,0.4,0.5142857142857142,0.4482758620689655,0.4482758620689655,0.41379310344827586,0.46511627906976744,0.46511627906976744,0.37209302325581395,0.37209302325581395,0.4090909090909091,0.4090909090909091,0.5555555555555556,0.5555555555555556,0.5806451612903226,0.5806451612903226,0.475,0.475,0.475,0.5,0.5,0.48717948717948717,0.0,0.0,0.0,0.0,0.0,0.0,0.0,0.0,0.0,0.0,0.0,0.0,0.0,0.0,0.0,0.0,0.0,0.0,0.0,0.0,0.0,0.0,0.0,0.0,0.0,0.0,0.0,0.0,0.0,0.0,0.0,0.0,0.0,0.0,0.0,0.0,0.0,0.0,0.0,0.0,0.0,0.0,0.0,0.0,0.0
59,0.875,0.5,0.5,0.47058823529411764,0.4318181818181818,0.4318181818181818,0.475,0.475,0.475,0.475,0.5128205128205128,0.5128205128205128,0.4878048780487805,0.4878048780487805,0.5,0.5,0.8181818181818182,0.4634146341463415,0.4634146341463415,0.4523809523809524,0.4107142857142857,0.4107142857142857,0.4418604651162791,0.4418604651162791,0.4418604651162791,0.4418604651162791,0.5405405405405406,0.5405405405405406,0.46153846153846156,0.46153846153846156,0.36666666666666664,0.5142857142857142,0.37735849056603776,0.37735849056603776,0.47368421052631576,0.40625,0.40625,0.375,0.43478260869565216,0.43478260869565216,0.34782608695652173,0.34782608695652173,0.3829787234042553,0.3829787234042553,0.5128205128205128,0.5128205128205128,0.5294117647058824,0.5294117647058824,0.4418604651162791,0.4418604651162791,0.4418604651162791,0.4634146341463415,0.4634146341463415,0.4523809523809524,0.9090909090909091,0.0,0.0,0.0,0.0,0.0,0.0,0.0,0.0,0.0,0.0,0.0,0.0,0.0,0.0,0.0,0.0,0.0,0.0,0.0,0.0,0.0,0.0,0.0,0.0,0.0,0.0,0.0,0.0,0.0,0.0,0.0,0.0,0.0,0.0,0.0,0.0,0.0,0.0,0.0,0.0,0.0,0.0,0.0,0.0
60,0.5666666666666667,0.5172413793103449,0.5172413793103449,0.48,0.42857142857142855,0.42857142857142855,0.4375,0.4375,0.4375,0.4375,0.4375,0.4375,0.4117647058823529,0.4117647058823529,0.5161290322580645,0.5161290322580645,0.5666666666666667,0.46875,0.46875,0.45454545454545453,0.32,0.32,0.4411764705882353,0.4411764705882353,0.4411764705882353,0.4411764705882353,0.5172413793103449,0.5172413793103449,0.41935483870967744,0.41935483870967744,0.2777777777777778,0.5384615384615384,0.3333333333333333,0.3333333333333333,0.43333333333333335,0.6,0.6,0.631578947368421,0.39473684210526316,0.39473684210526316,0.3611111111111111,0.3611111111111111,0.3333333333333333,0.3333333333333333,0.4375,0.4375,0.5,0.5,0.4,0.4,0.4,0.5161290322580645,0.5161290322580645,0.5,0.5151515151515151,0.5862068965517241,0.0,0.0,0.0,0.0,0.0,0.0,0.0,0.0,0.0,0.0,0.0,0.0,0.0,0.0,0.0,0.0,0.0,0.0,0.0,0.0,0.0,0.0,0.0,0.0,0.0,0.0,0.0,0.0,0.0,0.0,0.0,0.0,0.0,0.0,0.0,0.0,0.0,0.0,0.0,0.0,0.0,0.0,0.0
61,0.4634146341463415,0.46153846153846156,0.46153846153846156,0.42857142857142855,0.4318181818181818,0.4318181818181818,0.475,0.475,0.475,0.475,0.5128205128205128,0.5128205128205128,0.4878048780487805,0.4878048780487805,0.5,0.5,0.4634146341463415,0.7647058823529411,0.7647058823529411,0.6944444444444444,0.3620689655172414,0.3620689655172414,0.47619047619047616,0.47619047619047616,0.47619047619047616,0.47619047619047616,0.5,0.5,0.5,0.5,0.36666666666666664,0.43243243243243246,0.40384615384615385,0.40384615384615385,0.5135135135135135,0.36363636363636365,0.36363636363636365,0.3333333333333333,0.6097560975609756,0.6097560975609756,0.4090909090909091,0.4090909090909091,0.41304347826086957,0.41304347826086957,0.5526315789473685,0.5526315789473685,0.4444444444444444,0.4444444444444444,0.4090909090909091,0.4418604651162791,0.4418604651162791,0.4634146341463415,0.4634146341463415,0.4523809523809524,0.4318181818181818,0.475,0.4418604651162791,0.0,0.0,0.0,0.0,0.0,0.0,0.0,0.0,0.0,0.0,0.0,0.0,0.0,0.0,0.0,0.0,0.0,0.0,0.0,0.0,0.0,0.0,0.0,0.0,0.0,0.0,0.0,0.0,0.0,0.0,0.0,0.0,0.0,0.0,0.0,0.0,0.0,0.0,0.0,0.0,0.0,0.0
62,0.4634146341463415,0.46153846153846156,0.46153846153846156,0.42857142857142855,0.4318181818181818,0.4318181818181818,0.475,0.475,0.475,0.475,0.5128205128205128,0.5128205128205128,0.4878048780487805,0.4878048780487805,0.5,0.5,0.4634146341463415,0.7647058823529411,0.7647058823529411,0.6944444444444444,0.3620689655172414,0.3620689655172414,0.47619047619047616,0.47619047619047616,0.47619047619047616,0.47619047619047616,0.5,0.5,0.5,0.5,0.36666666666666664,0.43243243243243246,0.40384615384615385,0.40384615384615385,0.5135135135135135,0.36363636363636365,0.36363636363636365,0.3333333333333333,0.6097560975609756,0.6097560975609756,0.4090909090909091,0.4090909090909091,0.41304347826086957,0.41304347826086957,0.5526315789473685,0.5526315789473685,0.4444444444444444,0.4444444444444444,0.4090909090909091,0.4418604651162791,0.4418604651162791,0.4634146341463415,0.4634146341463415,0.4523809523809524,0.4318181818181818,0.475,0.4418604651162791,0.4411764705882353,0.0,0.0,0.0,0.0,0.0,0.0,0.0,0.0,0.0,0.0,0.0,0.0,0.0,0.0,0.0,0.0,0.0,0.0,0.0,0.0,0.0,0.0,0.0,0.0,0.0,0.0,0.0,0.0,0.0,0.0,0.0,0.0,0.0,0.0,0.0,0.0,0.0,0.0,0.0,0.0,0.0
63,0.5277777777777778,0.3684210526315789,0.3684210526315789,0.6071428571428571,0.6571428571428571,0.6571428571428571,0.6875,0.6875,0.6875,0.6875,0.6875,0.6875,0.696969696969697,0.696969696969697,0.34146341463414637,0.34146341463414637,0.5714285714285714,0.4864864864864865,0.4864864864864865,0.5555555555555556,0.48,0.48,0.35714285714285715,0.35714285714285715,0.3902439024390244,0.3902439024390244,0.3684210526315789,0.3684210526315789,0.5757575757575758,0.5757575757575758,0.4,0.6551724137931034,0.5454545454545454,0.5454545454545454,0.7,0.42857142857142855,0.42857142857142855,0.39285714285714285,0.5641025641025641,0.5641025641025641,0.29545454545454547,0.29545454545454547,0.3333333333333333,0.3333333333333333,0.6875,0.6875,0.6785714285714286,0.6785714285714286,0.6764705882352942,0.6764705882352942,0.6764705882352942,0.34146341463414637,0.34146341463414637,0.3333333333333333,0.48717948717948717,0.5428571428571428,0.5,0.5172413793103449,0.46153846153846156,0.0,0.0,0.0,0.0,0.0,0.0,0.0,0.0,0.0,0.0,0.0,0.0,0.0,0.0,0.0,0.0,0.0,0.0,0.0,0.0,0.0,0.0,0.0,0.0,0.0,0.0,0.0,0.0,0.0,0.0,0.0,0.0,0.0,0.0,0.0,0.0,0.0,0.0,0.0,0.0
64,0.5277777777777778,0.3684210526315789,0.3684210526315789,0.6071428571428571,0.6571428571428571,0.6571428571428571,0.6875,0.6875,0.6875,0.6875,0.6875,0.6875,0.696969696969697,0.696969696969697,0.34146341463414637,0.34146341463414637,0.5714285714285714,0.4864864864864865,0.4864864864864865,0.5555555555555556,0.48,0.48,0.35714285714285715,0.35714285714285715,0.3902439024390244,0.3902439024390244,0.3684210526315789,0.3684210526315789,0.5757575757575758,0.5757575757575758,0.4,0.6551724137931034,0.5454545454545454,0.5454545454545454,0.7,0.42857142857142855,0.42857142857142855,0.39285714285714285,0.5641025641025641,0.5641025641025641,0.29545454545454547,0.29545454545454547,0.3333333333333333,0.3333333333333333,0.6875,0.6875,0.6785714285714286,0.6785714285714286,0.6764705882352942,0.6764705882352942,0.6764705882352942,0.34146341463414637,0.34146341463414637,0.3333333333333333,0.48717948717948717,0.5428571428571428,0.5,0.5172413793103449,0.46153846153846156,0.46153846153846156,0.0,0.0,0.0,0.0,0.0,0.0,0.0,0.0,0.0,0.0,0.0,0.0,0.0,0.0,0.0,0.0,0.0,0.0,0.0,0.0,0.0,0.0,0.0,0.0,0.0,0.0,0.0,0.0,0.0,0.0,0.0,0.0,0.0,0.0,0.0,0.0,0.0,0.0,0.0
65,0.5142857142857142,0.35135135135135137,0.35135135135135137,0.5925925925925926,0.696969696969697,0.696969696969697,0.7333333333333333,0.7333333333333333,0.7333333333333333,0.7333333333333333,0.7333333333333333,0.7333333333333333,0.6875,0.6875,0.325,0.325,0.5588235294117647,0.5142857142857142,0.5142857142857142,0.5428571428571428,0.44,0.44,0.375,0.375,0.375,0.375,0.35135135135135137,0.35135135135135137,0.5625,0.5625,0.41509433962264153,0.7037037037037037,0.5348837209302325,0.5348837209302325,0.6896551724137931,0.46153846153846156,0.46153846153846156,0.4230769230769231,0.5526315789473685,0.5526315789473685,0.30952380952380953,0.30952380952380953,0.3488372093023256,0.3488372093023256,0.7333333333333333,0.7333333333333333,0.7307692307692307,0.7307692307692307,0.6666666666666666,0.71875,0.71875,0.325,0.325,0.3170731707317073,0.47368421052631576,0.5294117647058824,0.4864864864864865,0.5,0.4864864864864865,0.4864864864864865,0.9230769230769231,0.0,0.0,0.0,0.0,0.0,0.0,0.0,0.0,0.0,0.0,0.0,0.0,0.0,0.0,0.0,0.0,0.0,0.0,0.0,0.0,0.0,0.0,0.0,0.0,0.0,0.0,0.0,0.0,0.0,0.0,0.0,0.0,0.0,0.0,0.0,0.0,0.0,0.0
66,0.5142857142857142,0.35135135135135137,0.35135135135135137,0.5925925925925926,0.696969696969697,0.696969696969697,0.7333333333333333,0.7333333333333333,0.7333333333333333,0.7333333333333333,0.7333333333333333,0.7333333333333333,0.6875,0.6875,0.325,0.325,0.5588235294117647,0.5142857142857142,0.5142857142857142,0.5428571428571428,0.44,0.44,0.375,0.375,0.375,0.375,0.35135135135135137,0.35135135135135137,0.5625,0.5625,0.41509433962264153,0.7037037037037037,0.5348837209302325,0.5348837209302325,0.6896551724137931,0.46153846153846156,0.46153846153846156,0.4230769230769231,0.5526315789473685,0.5526315789473685,0.30952380952380953,0.30952380952380953,0.3488372093023256,0.3488372093023256,0.7333333333333333,0.7333333333333333,0.7307692307692307,0.7307692307692307,0.6666666666666666,0.71875,0.71875,0.325,0.325,0.3170731707317073,0.47368421052631576,0.5294117647058824,0.4864864864864865,0.5,0.4864864864864865,0.4864864864864865,0.9230769230769231,0.9230769230769231,0.0,0.0,0.0,0.0,0.0,0.0,0.0,0.0,0.0,0.0,0.0,0.0,0.0,0.0,0.0,0.0,0.0,0.0,0.0,0.0,0.0,0.0,0.0,0.0,0.0,0.0,0.0,0.0,0.0,0.0,0.0,0.0,0.0,0.0,0.0,0.0,0.0
67,0.5806451612903226,0.3939393939393939,0.3939393939393939,0.56,0.625,0.625,0.6,0.6,0.6,0.6,0.6,0.6,0.6129032258064516,0.6129032258064516,0.3611111111111111,0.3611111111111111,0.5806451612903226,0.48484848484848486,0.48484848484848486,0.47058823529411764,0.3877551020408163,0.3877551020408163,0.4166666666666667,0.4166666666666667,0.3783783783783784,0.3783783783783784,0.3939393939393939,0.3939393939393939,0.5333333333333333,0.5333333333333333,0.39215686274509803,0.8260869565217391,0.47619047619047616,0.47619047619047616,0.6666666666666666,0.5454545454545454,0.5454545454545454,0.5,0.4864864864864865,0.4864864864864865,0.34210526315789475,0.34210526315789475,0.38461538461538464,0.38461538461538464,0.6,0.6,0.782608695652174,0.782608695652174,0.6451612903225806,0.6451612903225806,0.6451612903225806,0.3611111111111111,0.3611111111111111,0.35135135135135137,0.5294117647058824,0.6,0.5454545454545454,0.5833333333333334,0.45714285714285713,0.45714285714285713,0.7692307692307693,0.7692307692307693,0.8333333333333334,0.0,0.0,0.0,0.0,0.0,0.0,0.0,0.0,0.0,0.0,0.0,0.0,0.0,0.0,0.0,0.0,0.0,0.0,0.0,0.0,0.0,0.0,0.0,0.0,0.0,0.0,0.0,0.0,0.0,0.0,0.0,0.0,0.0,0.0,0.0,0.0
68,0.5806451612903226,0.3939393939393939,0.3939393939393939,0.56,0.625,0.625,0.6,0.6,0.6,0.6,0.6,0.6,0.6129032258064516,0.6129032258064516,0.3611111111111111,0.3611111111111111,0.5806451612903226,0.48484848484848486,0.48484848484848486,0.47058823529411764,0.3877551020408163,0.3877551020408163,0.4166666666666667,0.4166666666666667,0.3783783783783784,0.3783783783783784,0.3939393939393939,0.3939393939393939,0.5333333333333333,0.5333333333333333,0.39215686274509803,0.8260869565217391,0.47619047619047616,0.47619047619047616,0.6666666666666666,0.5454545454545454,0.5454545454545454,0.5,0.4864864864864865,0.4864864864864865,0.34210526315789475,0.34210526315789475,0.38461538461538464,0.38461538461538464,0.6,0.6,0.782608695652174,0.782608695652174,0.6451612903225806,0.6451612903225806,0.6451612903225806,0.3611111111111111,0.3611111111111111,0.35135135135135137,0.5294117647058824,0.6,0.5454545454545454,0.5833333333333334,0.45714285714285713,0.45714285714285713,0.7692307692307693,0.7692307692307693,0.8333333333333334,0.8333333333333334,0.0,0.0,0.0,0.0,0.0,0.0,0.0,0.0,0.0,0.0,0.0,0.0,0.0,0.0,0.0,0.0,0.0,0.0,0.0,0.0,0.0,0.0,0.0,0.0,0.0,0.0,0.0,0.0,0.0,0.0,0.0,0.0,0.0,0.0,0.0
69,0.5151515151515151,0.38235294117647056,0.38235294117647056,0.6666666666666666,0.6060606060606061,0.6060606060606061,0.6333333333333333,0.6333333333333333,0.6333333333333333,0.6333333333333333,0.6333333333333333,0.6333333333333333,0.59375,0.59375,0.35135135135135137,0.35135135135135137,0.5625,0.5151515151515151,0.5151515151515151,0.59375,0.38,0.38,0.4444444444444444,0.4444444444444444,0.40540540540540543,0.40540540540540543,0.38235294117647056,0.38235294117647056,0.6206896551724138,0.6206896551724138,0.3584905660377358,0.6538461538461539,0.46511627906976744,0.46511627906976744,0.6428571428571429,0.5909090909090909,0.5909090909090909,0.5454545454545454,0.47368421052631576,0.47368421052631576,0.3333333333333333,0.3333333333333333,0.34146341463414637,0.34146341463414637,0.6333333333333333,0.6333333333333333,0.75,0.75,0.5294117647058824,0.5757575757575758,0.5757575757575758,0.35135135135135137,0.35135135135135137,0.34210526315789475,0.4722222222222222,0.53125,0.4857142857142857,0.56,0.4857142857142857,0.4857142857142857,0.6206896551724138,0.6206896551724138,0.6666666666666666,0.6666666666666666,0.7083333333333334,0.0,0.0,0.0,0.0,0.0,0.0,0.0,0.0,0.0,0.0,0.0,0.0,0.0,0.0,0.0,0.0,0.0,0.0,0.0,0.0,0.0,0.0,0.0,0.0,0.0,0.0,0.0,0.0,0.0,0.0,0.0,0.0,0.0,0.0
70,0.5151515151515151,0.38235294117647056,0.38235294117647056,0.6666666666666666,0.6060606060606061,0.6060606060606061,0.6333333333333333,0.6333333333333333,0.6333333333333333,0.6333333333333333,0.6333333333333333,0.6333333333333333,0.59375,0.59375,0.35135135135135137,0.35135135135135137,0.5625,0.5151515151515151,0.5151515151515151,0.59375,0.38,0.38,0.4444444444444444,0.4444444444444444,0.40540540540540543,0.40540540540540543,0.38235294117647056,0.38235294117647056,0.6206896551724138,0.6206896551724138,0.3584905660377358,0.6538461538461539,0.46511627906976744,0.46511627906976744,0.6428571428571429,0.5909090909090909,0.5909090909090909,0.5454545454545454,0.47368421052631576,0.47368421052631576,0.3333333333333333,0.3333333333333333,0.34146341463414637,0.34146341463414637,0.6333333333333333,0.6333333333333333,0.75,0.75,0.5294117647058824,0.5757575757575758,0.5757575757575758,0.35135135135135137,0.35135135135135137,0.34210526315789475,0.4722222222222222,0.53125,0.4857142857142857,0.56,0.4857142857142857,0.4857142857142857,0.6206896551724138,0.6206896551724138,0.6666666666666666,0.6666666666666666,0.7083333333333334,0.7083333333333334,0.0,0.0,0.0,0.0,0.0,0.0,0.0,0.0,0.0,0.0,0.0,0.0,0.0,0.0,0.0,0.0,0.0,0.0,0.0,0.0,0.0,0.0,0.0,0.0,0.0,0.0,0.0,0.0,0.0,0.0,0.0,0.0,0.0
71,0.4888888888888889,0.4883720930232558,0.4883720930232558,0.425,0.627906976744186,0.627906976744186,0.5714285714285714,0.5714285714285714,0.6097560975609756,0.6097560975609756,0.6097560975609756,0.6097560975609756,0.5813953488372093,0.5813953488372093,0.425531914893617,0.425531914893617,0.5227272727272727,0.5227272727272727,0.5227272727272727,0.5454545454545454,0.5087719298245614,0.5087719298245614,0.5,0.5,0.5,0.5,0.45454545454545453,0.45454545454545453,0.5238095238095238,0.5238095238095238,0.45901639344262296,0.5,0.5686274509803921,0.5686274509803921,0.5,0.3684210526315789,0.3684210526315789,0.34210526315789475,0.5208333333333334,0.5208333333333334,0.3269230769230769,0.3269230769230769,0.38461538461538464,0.38461538461538464,0.5714285714285714,0.5714285714285714,0.475,0.475,0.5681818181818182,0.5333333333333333,0.5333333333333333,0.45652173913043476,0.45652173913043476,0.44680851063829785,0.4583333333333333,0.5,0.46808510638297873,0.4,0.5,0.5,0.5609756097560976,0.5609756097560976,0.55,0.55,0.48717948717948717,0.48717948717948717,0.475,0.0,0.0,0.0,0.0,0.0,0.0,0.0,0.0,0.0,0.0,0.0,0.0,0.0,0.0,0.0,0.0,0.0,0.0,0.0,0.0,0.0,0.0,0.0,0.0,0.0,0.0,0.0,0.0,0.0,0.0,0.0,0.0
72,0.4888888888888889,0.4883720930232558,0.4883720930232558,0.425,0.627906976744186,0.627906976744186,0.5714285714285714,0.5714285714285714,0.6097560975609756,0.6097560975609756,0.6097560975609756,0.6097560975609756,0.5813953488372093,0.5813953488372093,0.425531914893617,0.425531914893617,0.5227272727272727,0.5227272727272727,0.5227272727272727,0.5454545454545454,0.5087719298245614,0.5087719298245614,0.5,0.5,0.5,0.5,0.45454545454545453,0.45454545454545453,0.5238095238095238,0.5238095238095238,0.45901639344262296,0.5,0.5686274509803921,0.5686274509803921,0.5,0.3684210526315789,0.3684210526315789,0.34210526315789475,0.5208333333333334,0.5208333333333334,0.3269230769230769,0.3269230769230769,0.38461538461538464,0.38461538461538464,0.5714285714285714,0.5714285714285714,0.475,0.475,0.5681818181818182,0.5333333333333333,0.5333333333333333,0.45652173913043476,0.45652173913043476,0.44680851063829785,0.4583333333333333,0.5,0.46808510638297873,0.4,0.5,0.5,0.5609756097560976,0.5609756097560976,0.55,0.55,0.48717948717948717,0.48717948717948717,0.475,0.475,0.0,0.0,0.0,0.0,0.0,0.0,0.0,0.0,0.0,0.0,0.0,0.0,0.0,0.0,0.0,0.0,0.0,0.0,0.0,0.0,0.0,0.0,0.0,0.0,0.0,0.0,0.0,0.0,0.0,0.0,0.0
73,0.42592592592592593,0.27586206896551724,0.27586206896551724,0.3673469387755102,0.5094339622641509,0.5094339622641509,0.46153846153846156,0.46153846153846156,0.49019607843137253,0.49019607843137253,0.49019607843137253,0.49019607843137253,0.5,0.5,0.26229508196721313,0.26229508196721313,0.42592592592592593,0.375,0.375,0.39285714285714285,1.0,1.0,0.31666666666666665,0.31666666666666665,0.31666666666666665,0.31666666666666665,0.27586206896551724,0.27586206896551724,0.4230769230769231,0.4230769230769231,0.39436619718309857,0.4,0.5254237288135594,0.5254237288135594,0.43137254901960786,0.2916666666666667,0.2916666666666667,0.2708333333333333,0.45614035087719296,0.45614035087719296,0.234375,0.234375,0.28125,0.28125,0.46153846153846156,0.46153846153846156,0.38,0.38,0.5192307692307693,0.49056603773584906,0.49056603773584906,0.26229508196721313,0.26229508196721313,0.25806451612903225,0.40350877192982454,0.4339622641509434,0.4107142857142857,0.32,0.3620689655172414,0.3620689655172414,0.48,0.48,0.44,0.44,0.3877551020408163,0.3877551020408163,0.38,0.38,0.5087719298245614,0.0,0.0,0.0,0.0,0.0,0.0,0.0,0.0,0.0,0.0,0.0,0.0,0.0,0.0,0.0,0.0,0.0,0.0,0.0,0.0,0.0,0.0,0.0,0.0,0.0,0.0,0.0,0.0,0.0,0.0
74,0.42592592592592593,0.27586206896551724,0.27586206896551724,0.3673469387755102,0.5094339622641509,0.5094339622641509,0.46153846153846156,0.46153846153846156,0.49019607843137253,0.49019607843137253,0.49019607843137253,0.49019607843137253,0.5,0.5,0.26229508196721313,0.26229508196721313,0.42592592592592593,0.375,0.375,0.39285714285714285,1.0,1.0,0.31666666666666665,0.31666666666666665,0.31666666666666665,0.31666666666666665,0.27586206896551724,0.27586206896551724,0.4230769230769231,0.4230769230769231,0.39436619718309857,0.4,0.5254237288135594,0.5254237288135594,0.43137254901960786,0.2916666666666667,0.2916666666666667,0.2708333333333333,0.45614035087719296,0.45614035087719296,0.234375,0.234375,0.28125,0.28125,0.46153846153846156,0.46153846153846156,0.38,0.38,0.5192307692307693,0.49056603773584906,0.49056603773584906,0.26229508196721313,0.26229508196721313,0.25806451612903225,0.40350877192982454,0.4339622641509434,0.4107142857142857,0.32,0.3620689655172414,0.3620689655172414,0.48,0.48,0.44,0.44,0.3877551020408163,0.3877551020408163,0.38,0.38,0.5087719298245614,0.5087719298245614,0.0,0.0,0.0,0.0,0.0,0.0,0.0,0.0,0.0,0.0,0.0,0.0,0.0,0.0,0.0,0.0,0.0,0.0,0.0,0.0,0.0,0.0,0.0,0.0,0.0,0.0,0.0,0.0,0.0
75,0.46808510638297873,0.4666666666666667,0.4666666666666667,0.40476190476190477,0.5652173913043478,0.5652173913043478,0.5111111111111111,0.5111111111111111,0.5454545454545454,0.5454545454545454,0.5454545454545454,0.5454545454545454,0.5555555555555556,0.5555555555555556,0.46808510638297873,0.46808510638297873,0.46808510638297873,0.5,0.5,0.48936170212765956,0.76,0.76,0.4489795918367347,0.4489795918367347,0.5106382978723404,0.5106382978723404,0.4666666666666667,0.4666666666666667,0.5,0.5,0.4444444444444444,0.47619047619047616,0.5769230769230769,0.5769230769230769,0.4772727272727273,0.3170731707317073,0.3170731707317073,0.2926829268292683,0.5,0.5,0.3148148148148148,0.3148148148148148,0.37037037037037035,0.37037037037037035,0.5111111111111111,0.5111111111111111,0.4186046511627907,0.4186046511627907,0.5777777777777777,0.5434782608695652,0.5434782608695652,0.46808510638297873,0.46808510638297873,0.4583333333333333,0.44,0.4782608695652174,0.4489795918367347,0.38095238095238093,0.5106382978723404,0.5106382978723404,0.5348837209302325,0.5348837209302325,0.5238095238095238,0.5238095238095238,0.42857142857142855,0.42857142857142855,0.4523809523809524,0.4523809523809524,0.813953488372093,0.813953488372093,0.76,0.0,0.0,0.0,0.0,0.0,0.0,0.0,0.0,0.0,0.0,0.0,0.0,0.0,0.0,0.0,0.0,0.0,0.0,0.0,0.0,0.0,0.0,0.0,0.0,0.0,0.0,0.0,0.0
76,0.46808510638297873,0.4666666666666667,0.4666666666666667,0.40476190476190477,0.5652173913043478,0.5652173913043478,0.5111111111111111,0.5111111111111111,0.5454545454545454,0.5454545454545454,0.5454545454545454,0.5454545454545454,0.5555555555555556,0.5555555555555556,0.46808510638297873,0.46808510638297873,0.46808510638297873,0.5,0.5,0.48936170212765956,0.76,0.76,0.4489795918367347,0.4489795918367347,0.5106382978723404,0.5106382978723404,0.4666666666666667,0.4666666666666667,0.5,0.5,0.4444444444444444,0.47619047619047616,0.5769230769230769,0.5769230769230769,0.4772727272727273,0.3170731707317073,0.3170731707317073,0.2926829268292683,0.5,0.5,0.3148148148148148,0.3148148148148148,0.37037037037037035,0.37037037037037035,0.5111111111111111,0.5111111111111111,0.4186046511627907,0.4186046511627907,0.5777777777777777,0.5434782608695652,0.5434782608695652,0.46808510638297873,0.46808510638297873,0.4583333333333333,0.44,0.4782608695652174,0.4489795918367347,0.38095238095238093,0.5106382978723404,0.5106382978723404,0.5348837209302325,0.5348837209302325,0.5238095238095238,0.5238095238095238,0.42857142857142855,0.42857142857142855,0.4523809523809524,0.4523809523809524,0.813953488372093,0.813953488372093,0.76,0.76,0.0,0.0,0.0,0.0,0.0,0.0,0.0,0.0,0.0,0.0,0.0,0.0,0.0,0.0,0.0,0.0,0.0,0.0,0.0,0.0,0.0,0.0,0.0,0.0,0.0,0.0,0.0
77,0.43333333333333335,0.42857142857142855,0.42857142857142855,0.5714285714285714,0.3939393939393939,0.3939393939393939,0.4482758620689655,0.4482758620689655,0.4482758620689655,0.4482758620689655,0.4482758620689655,0.4482758620689655,0.41935483870967744,0.41935483870967744,0.3870967741935484,0.3870967741935484,0.43333333333333335,0.3870967741935484,0.3870967741935484,0.41935483870967744,0.2916666666666667,0.2916666666666667,0.36363636363636365,0.36363636363636365,0.40625,0.40625,0.42857142857142855,0.42857142857142855,0.48148148148148145,0.48148148148148145,0.25,0.5652173913043478,0.3333333333333333,0.3333333333333333,0.5,0.75,0.75,0.6875,0.3611111111111111,0.3611111111111111,0.3235294117647059,0.3235294117647059,0.3333333333333333,0.3333333333333333,0.4482758620689655,0.4482758620689655,0.5217391304347826,0.5217391304347826,0.40625,0.40625,0.40625,0.3870967741935484,0.3870967741935484,0.375,0.3939393939393939,0.4482758620689655,0.40625,0.5238095238095238,0.36363636363636365,0.36363636363636365,0.5384615384615384,0.5384615384615384,0.52,0.52,0.6190476190476191,0.6190476190476191,0.5909090909090909,0.5909090909090909,0.3684210526315789,0.3684210526315789,0.2916666666666667,0.2916666666666667,0.3170731707317073,0.0,0.0,0.0,0.0,0.0,0.0,0.0,0.0,0.0,0.0,0.0,0.0,0.0,0.0,0.0,0.0,0.0,0.0,0.0,0.0,0.0,0.0,0.0,0.0,0.0,0.0
78,0.43333333333333335,0.42857142857142855,0.42857142857142855,0.5714285714285714,0.3939393939393939,0.3939393939393939,0.4482758620689655,0.4482758620689655,0.4482758620689655,0.4482758620689655,0.4482758620689655,0.4482758620689655,0.41935483870967744,0.41935483870967744,0.3870967741935484,0.3870967741935484,0.43333333333333335,0.3870967741935484,0.3870967741935484,0.41935483870967744,0.2916666666666667,0.2916666666666667,0.36363636363636365,0.36363636363636365,0.40625,0.40625,0.42857142857142855,0.42857142857142855,0.48148148148148145,0.48148148148148145,0.25,0.5652173913043478,0.3333333333333333,0.3333333333333333,0.5,0.75,0.75,0.6875,0.3611111111111111,0.3611111111111111,0.3235294117647059,0.3235294117647059,0.3333333333333333,0.3333333333333333,0.4482758620689655,0.4482758620689655,0.5217391304347826,0.5217391304347826,0.40625,0.40625,0.40625,0.3870967741935484,0.3870967741935484,0.375,0.3939393939393939,0.4482758620689655,0.40625,0.5238095238095238,0.36363636363636365,0.36363636363636365,0.5384615384615384,0.5384615384615384,0.52,0.52,0.6190476190476191,0.6190476190476191,0.5909090909090909,0.5909090909090909,0.3684210526315789,0.3684210526315789,0.2916666666666667,0.2916666666666667,0.3170731707317073,0.3170731707317073,0.0,0.0,0.0,0.0,0.0,0.0,0.0,0.0,0.0,0.0,0.0,0.0,0.0,0.0,0.0,0.0,0.0,0.0,0.0,0.0,0.0,0.0,0.0,0.0,0.0
79,0.41935483870967744,0.41379310344827586,0.41379310344827586,0.6190476190476191,0.42424242424242425,0.42424242424242425,0.4827586206896552,0.4827586206896552,0.4827586206896552,0.4827586206896552,0.4827586206896552,0.4827586206896552,0.45161290322580644,0.45161290322580644,0.375,0.375,0.4666666666666667,0.375,0.375,0.40625,0.3125,0.3125,0.3939393939393939,0.3939393939393939,0.4375,0.4375,0.41379310344827586,0.41379310344827586,0.4642857142857143,0.4642857142857143,0.2692307692307692,0.6086956521739131,0.35714285714285715,0.35714285714285715,0.5384615384615384,0.7058823529411765,0.7058823529411765,0.6470588235294118,0.3888888888888889,0.3888888888888889,0.3142857142857143,0.3142857142857143,0.32432432432432434,0.32432432432432434,0.4827586206896552,0.4827586206896552,0.5652173913043478,0.5652173913043478,0.4375,0.4375,0.4375,0.375,0.375,0.36363636363636365,0.38235294117647056,0.43333333333333335,0.3939393939393939,0.5714285714285714,0.35294117647058826,0.35294117647058826,0.5185185185185185,0.5185185185185185,0.56,0.56,0.6666666666666666,0.6666666666666666,0.6363636363636364,0.6363636363636364,0.358974358974359,0.358974358974359,0.3125,0.3125,0.34146341463414637,0.34146341463414637,0.9333333333333333,0.0,0.0,0.0,0.0,0.0,0.0,0.0,0.0,0.0,0.0,0.0,0.0,0.0,0.0,0.0,0.0,0.0,0.0,0.0,0.0,0.0,0.0,0.0,0.0
80,0.41935483870967744,0.41379310344827586,0.41379310344827586,0.6190476190476191,0.42424242424242425,0.42424242424242425,0.4827586206896552,0.4827586206896552,0.4827586206896552,0.4827586206896552,0.4827586206896552,0.4827586206896552,0.45161290322580644,0.45161290322580644,0.375,0.375,0.4666666666666667,0.375,0.375,0.40625,0.3125,0.3125,0.3939393939393939,0.3939393939393939,0.4375,0.4375,0.41379310344827586,0.41379310344827586,0.4642857142857143,0.4642857142857143,0.2692307692307692,0.6086956521739131,0.35714285714285715,0.35714285714285715,0.5384615384615384,0.7058823529411765,0.7058823529411765,0.6470588235294118,0.3888888888888889,0.3888888888888889,0.3142857142857143,0.3142857142857143,0.32432432432432434,0.32432432432432434,0.4827586206896552,0.4827586206896552,0.5652173913043478,0.5652173913043478,0.4375,0.4375,0.4375,0.375,0.375,0.36363636363636365,0.38235294117647056,0.43333333333333335,0.3939393939393939,0.5714285714285714,0.35294117647058826,0.35294117647058826,0.5185185185185185,0.5185185185185185,0.56,0.56,0.6666666666666666,0.6666666666666666,0.6363636363636364,0.6363636363636364,0.358974358974359,0.358974358974359,0.3125,0.3125,0.34146341463414637,0.34146341463414637,0.9333333333333333,0.9333333333333333,0.0,0.0,0.0,0.0,0.0,0.0,0.0,0.0,0.0,0.0,0.0,0.0,0.0,0.0,0.0,0.0,0.0,0.0,0.0,0.0,0.0,0.0,0.0
81,0.4666666666666667,0.41379310344827586,0.41379310344827586,0.6190476190476191,0.42424242424242425,0.42424242424242425,0.4827586206896552,0.4827586206896552,0.4827586206896552,0.4827586206896552,0.4827586206896552,0.4827586206896552,0.45161290322580644,0.45161290322580644,0.375,0.375,0.4666666666666667,0.41935483870967744,0.41935483870967744,0.45161290322580644,0.3125,0.3125,0.3939393939393939,0.3939393939393939,0.3939393939393939,0.3939393939393939,0.41379310344827586,0.41379310344827586,0.5185185185185185,0.5185185185185185,0.2692307692307692,0.5416666666666666,0.35714285714285715,0.35714285714285715,0.5384615384615384,0.7058823529411765,0.7058823529411765,0.6470588235294118,0.35135135135135137,0.35135135135135137,0.3142857142857143,0.3142857142857143,0.32432432432432434,0.32432432432432434,0.4827586206896552,0.4827586206896552,0.5652173913043478,0.5652173913043478,0.4375,0.4375,0.4375,0.375,0.375,0.36363636363636365,0.42424242424242425,0.4827586206896552,0.4375,0.5714285714285714,0.3939393939393939,0.3939393939393939,0.5769230769230769,0.5769230769230769,0.56,0.56,0.5909090909090909,0.5909090909090909,0.5652173913043478,0.5652173913043478,0.39473684210526316,0.39473684210526316,0.3125,0.3125,0.34146341463414637,0.34146341463414637,0.9333333333333333,0.9333333333333333,0.875,0.0,0.0,0.0,0.0,0.0,0.0,0.0,0.0,0.0,0.0,0.0,0.0,0.0,0.0,0.0,0.0,0.0,0.0,0.0,0.0,0.0,0.0
82,0.4666666666666667,0.41379310344827586,0.41379310344827586,0.6190476190476191,0.42424242424242425,0.42424242424242425,0.4827586206896552,0.4827586206896552,0.4827586206896552,0.4827586206896552,0.4827586206896552,0.4827586206896552,0.45161290322580644,0.45161290322580644,0.375,0.375,0.4666666666666667,0.41935483870967744,0.41935483870967744,0.45161290322580644,0.3125,0.3125,0.3939393939393939,0.3939393939393939,0.3939393939393939,0.3939393939393939,0.41379310344827586,0.41379310344827586,0.5185185185185185,0.5185185185185185,0.2692307692307692,0.5416666666666666,0.35714285714285715,0.35714285714285715,0.5384615384615384,0.7058823529411765,0.7058823529411765,0.6470588235294118,0.35135135135135137,0.35135135135135137,0.3142857142857143,0.3142857142857143,0.32432432432432434,0.32432432432432434,0.4827586206896552,0.4827586206896552,0.5652173913043478,0.5652173913043478,0.4375,0.4375,0.4375,0.375,0.375,0.36363636363636365,0.42424242424242425,0.4827586206896552,0.4375,0.5714285714285714,0.3939393939393939,0.3939393939393939,0.5769230769230769,0.5769230769230769,0.56,0.56,0.5909090909090909,0.5909090909090909,0.5652173913043478,0.5652173913043478,0.39473684210526316,0.39473684210526316,0.3125,0.3125,0.34146341463414637,0.34146341463414637,0.9333333333333333,0.9333333333333333,0.875,0.875,0.0,0.0,0.0,0.0,0.0,0.0,0.0,0.0,0.0,0.0,0.0,0.0,0.0,0.0,0.0,0.0,0.0,0.0,0.0,0.0,0.0
83,0.4666666666666667,0.41379310344827586,0.41379310344827586,0.5454545454545454,0.42424242424242425,0.42424242424242425,0.4827586206896552,0.4827586206896552,0.4827586206896552,0.4827586206896552,0.4827586206896552,0.4827586206896552,0.45161290322580644,0.45161290322580644,0.375,0.375,0.4666666666666667,0.41935483870967744,0.41935483870967744,0.40625,0.2857142857142857,0.2857142857142857,0.35294117647058826,0.35294117647058826,0.3939393939393939,0.3939393939393939,0.41379310344827586,0.41379310344827586,0.4642857142857143,0.4642857142857143,0.2692307692307692,0.6086956521739131,0.35714285714285715,0.35714285714285715,0.5384615384615384,0.7058823529411765,0.7058823529411765,0.6470588235294118,0.35135135135135137,0.35135135135135137,0.35294117647058826,0.35294117647058826,0.3611111111111111,0.3611111111111111,0.4827586206896552,0.4827586206896552,0.5652173913043478,0.5652173913043478,0.4375,0.4375,0.4375,0.375,0.375,0.36363636363636365,0.42424242424242425,0.4827586206896552,0.4375,0.5714285714285714,0.3939393939393939,0.3939393939393939,0.5185185185185185,0.5185185185185185,0.56,0.56,0.6666666666666666,0.6666666666666666,0.6363636363636364,0.6363636363636364,0.358974358974359,0.358974358974359,0.2857142857142857,0.2857142857142857,0.34146341463414637,0.34146341463414637,0.9333333333333333,0.9333333333333333,0.875,0.875,0.875,0.0,0.0,0.0,0.0,0.0,0.0,0.0,0.0,0.0,0.0,0.0,0.0,0.0,0.0,0.0,0.0,0.0,0.0,0.0,0.0
84,0.4666666666666667,0.41379310344827586,0.41379310344827586,0.5454545454545454,0.42424242424242425,0.42424242424242425,0.4827586206896552,0.4827586206896552,0.4827586206896552,0.4827586206896552,0.4827586206896552,0.4827586206896552,0.45161290322580644,0.45161290322580644,0.375,0.375,0.4666666666666667,0.41935483870967744,0.41935483870967744,0.40625,0.2857142857142857,0.2857142857142857,0.35294117647058826,0.35294117647058826,0.3939393939393939,0.3939393939393939,0.41379310344827586,0.41379310344827586,0.4642857142857143,0.4642857142857143,0.2692307692307692,0.6086956521739131,0.35714285714285715,0.35714285714285715,0.5384615384615384,0.7058823529411765,0.7058823529411765,0.6470588235294118,0.35135135135135137,0.35135135135135137,0.35294117647058826,0.35294117647058826,0.3611111111111111,0.3611111111111111,0.4827586206896552,0.4827586206896552,0.5652173913043478,0.5652173913043478,0.4375,0.4375,0.4375,0.375,0.375,0.36363636363636365,0.42424242424242425,0.4827586206896552,0.4375,0.5714285714285714,0.3939393939393939,0.3939393939393939,0.5185185185185185,0.5185185185185185,0.56,0.56,0.6666666666666666,0.6666666666666666,0.6363636363636364,0.6363636363636364,0.358974358974359,0.358974358974359,0.2857142857142857,0.2857142857142857,0.34146341463414637,0.34146341463414637,0.9333333333333333,0.9333333333333333,0.875,0.875,0.875,0.875,0.0,0.0,0.0,0.0,0.0,0.0,0.0,0.0,0.0,0.0,0.0,0.0,0.0,0.0,0.0,0.0,0.0,0.0,0.0
85,0.6551724137931034,0.5,0.5,0.52,0.45714285714285713,0.45714285714285713,0.46875,0.46875,0.46875,0.46875,0.5161290322580645,0.5161290322580645,0.48484848484848486,0.48484848484848486,0.45454545454545453,0.45454545454545453,0.6,0.5,0.5,0.48484848484848486,0.34,0.34,0.42857142857142855,0.42857142857142855,0.42857142857142855,0.42857142857142855,0.5,0.5,0.45161290322580644,0.45161290322580644,0.2727272727272727,0.5769230769230769,0.35555555555555557,0.35555555555555557,0.41935483870967744,0.5714285714285714,0.5714285714285714,0.6,0.4594594594594595,0.4594594594594595,0.35135135135135137,0.35135135135135137,0.325,0.325,0.5161290322580645,0.5161290322580645,0.5384615384615384,0.5384615384615384,0.42857142857142855,0.42857142857142855,0.42857142857142855,0.45454545454545453,0.45454545454545453,0.4411764705882353,0.59375,0.6785714285714286,0.6129032258064516,0.7619047619047619,0.47058823529411764,0.47058823529411764,0.5,0.5,0.5357142857142857,0.5357142857142857,0.625,0.625,0.6,0.6,0.425,0.425,0.34,0.34,0.40476190476190477,0.40476190476190477,0.5714285714285714,0.5714285714285714,0.5454545454545454,0.5454545454545454,0.5454545454545454,0.5454545454545454,0.6190476190476191,0.0,0.0,0.0,0.0,0.0,0.0,0.0,0.0,0.0,0.0,0.0,0.0,0.0,0.0,0.0,0.0,0.0,0.0
86,0.5666666666666667,0.5172413793103449,0.5172413793103449,0.5416666666666666,0.42857142857142855,0.42857142857142855,0.4838709677419355,0.4838709677419355,0.4838709677419355,0.4838709677419355,0.4838709677419355,0.4838709677419355,0.45454545454545453,0.45454545454545453,0.42424242424242425,0.42424242424242425,0.5161290322580645,0.46875,0.46875,0.5,0.32,0.32,0.4411764705882353,0.4411764705882353,0.4411764705882353,0.4411764705882353,0.4666666666666667,0.4666666666666667,0.4666666666666667,0.4666666666666667,0.3018867924528302,0.5384615384615384,0.36363636363636365,0.36363636363636365,0.4827586206896552,0.6,0.6,0.631578947368421,0.43243243243243246,0.43243243243243246,0.4,0.4,0.3684210526315789,0.3684210526315789,0.4838709677419355,0.4838709677419355,0.56,0.56,0.4411764705882353,0.4411764705882353,0.4411764705882353,0.46875,0.46875,0.45454545454545453,0.5151515151515151,0.5862068965517241,0.53125,0.8,0.4411764705882353,0.4411764705882353,0.5714285714285714,0.5714285714285714,0.5555555555555556,0.5555555555555556,0.5833333333333334,0.5833333333333334,0.625,0.625,0.4,0.4,0.32,0.32,0.38095238095238093,0.38095238095238093,0.5238095238095238,0.5238095238095238,0.5714285714285714,0.5714285714285714,0.5714285714285714,0.5714285714285714,0.5714285714285714,0.5714285714285714,0.0,0.0,0.0,0.0,0.0,0.0,0.0,0.0,0.0,0.0,0.0,0.0,0.0,0.0,0.0,0.0,0.0
87,0.5666666666666667,0.5172413793103449,0.5172413793103449,0.5416666666666666,0.42857142857142855,0.42857142857142855,0.4838709677419355,0.4838709677419355,0.4838709677419355,0.4838709677419355,0.4838709677419355,0.4838709677419355,0.45454545454545453,0.45454545454545453,0.42424242424242425,0.42424242424242425,0.5161290322580645,0.46875,0.46875,0.5,0.32,0.32,0.4411764705882353,0.4411764705882353,0.4411764705882353,0.4411764705882353,0.4666666666666667,0.4666666666666667,0.4666666666666667,0.4666666666666667,0.3018867924528302,0.5384615384615384,0.36363636363636365,0.36363636363636365,0.4827586206896552,0.6,0.6,0.631578947368421,0.43243243243243246,0.43243243243243246,0.4,0.4,0.3684210526315789,0.3684210526315789,0.4838709677419355,0.4838709677419355,0.56,0.56,0.4411764705882353,0.4411764705882353,0.4411764705882353,0.46875,0.46875,0.45454545454545453,0.5151515151515151,0.5862068965517241,0.53125,0.8,0.4411764705882353,0.4411764705882353,0.5714285714285714,0.5714285714285714,0.5555555555555556,0.5555555555555556,0.5833333333333334,0.5833333333333334,0.625,0.625,0.4,0.4,0.32,0.32,0.38095238095238093,0.38095238095238093,0.5238095238095238,0.5238095238095238,0.5714285714285714,0.5714285714285714,0.5714285714285714,0.5714285714285714,0.5714285714285714,0.5714285714285714,0.7619047619047619,0.0,0.0,0.0,0.0,0.0,0.0,0.0,0.0,0.0,0.0,0.0,0.0,0.0,0.0,0.0,0.0
88,0.5135135135135135,0.9629629629629629,0.9629629629629629,0.3939393939393939,0.3111111111111111,0.3111111111111111,0.34146341463414637,0.34146341463414637,0.34146341463414637,0.34146341463414637,0.5277777777777778,0.5277777777777778,0.5,0.5,0.8064516129032258,0.8064516129032258,0.5555555555555556,0.47368421052631576,0.47368421052631576,0.5,0.2711864406779661,0.2711864406779661,0.8125,0.8125,0.8125,0.8125,0.8928571428571429,0.8928571428571429,0.39473684210526316,0.39473684210526316,0.5294117647058824,0.3611111111111111,0.2777777777777778,0.2777777777777778,0.3684210526315789,0.41379310344827586,0.41379310344827586,0.42857142857142855,0.47619047619047616,0.47619047619047616,0.3181818181818182,0.3181818181818182,0.35555555555555557,0.35555555555555557,0.5714285714285714,0.5714285714285714,0.37142857142857144,0.37142857142857144,0.3181818181818182,0.3181818181818182,0.3181818181818182,0.8666666666666667,0.8666666666666667,0.9,0.475,0.5277777777777778,0.48717948717948717,0.5,0.45,0.45,0.358974358974359,0.358974358974359,0.34210526315789475,0.34210526315789475,0.38235294117647056,0.38235294117647056,0.37142857142857144,0.37142857142857144,0.4772727272727273,0.4772727272727273,0.2711864406779661,0.2711864406779661,0.45652173913043476,0.45652173913043476,0.41379310344827586,0.41379310344827586,0.4,0.4,0.4,0.4,0.4,0.4,0.4838709677419355,0.5,0.0,0.0,0.0,0.0,0.0,0.0,0.0,0.0,0.0,0.0,0.0,0.0,0.0,0.0,0.0
89,0.5714285714285714,0.9259259259259259,0.9259259259259259,0.40625,0.3181818181818182,0.3181818181818182,0.35,0.35,0.35,0.35,0.5428571428571428,0.5428571428571428,0.5135135135135135,0.5135135135135135,0.896551724137931,0.896551724137931,0.5277777777777778,0.5277777777777778,0.5277777777777778,0.5135135135135135,0.27586206896551724,0.27586206896551724,0.78125,0.78125,0.78125,0.78125,1.0,1.0,0.40540540540540543,0.40540540540540543,0.4807692307692308,0.37142857142857144,0.2830188679245283,0.2830188679245283,0.3783783783783784,0.42857142857142855,0.42857142857142855,0.4444444444444444,0.4523809523809524,0.4523809523809524,0.35714285714285715,0.35714285714285715,0.3953488372093023,0.3953488372093023,0.5428571428571428,0.5428571428571428,0.38235294117647056,0.38235294117647056,0.32558139534883723,0.32558139534883723,0.32558139534883723,0.8333333333333334,0.8333333333333334,0.8064516129032258,0.5263157894736842,0.5882352941176471,0.5405405405405406,0.5172413793103449,0.5,0.5,0.3684210526315789,0.3684210526315789,0.35135135135135137,0.35135135135135137,0.3939393939393939,0.3939393939393939,0.38235294117647056,0.38235294117647056,0.45454545454545453,0.45454545454545453,0.27586206896551724,0.27586206896551724,0.4666666666666667,0.4666666666666667,0.42857142857142855,0.42857142857142855,0.41379310344827586,0.41379310344827586,0.41379310344827586,0.41379310344827586,0.41379310344827586,0.41379310344827586,0.5,0.4666666666666667,0.4666666666666667,0.0,0.0,0.0,0.0,0.0,0.0,0.0,0.0,0.0,0.0,0.0,0.0,0.0,0.0
90,0.5714285714285714,0.9259259259259259,0.9259259259259259,0.40625,0.3181818181818182,0.3181818181818182,0.35,0.35,0.35,0.35,0.5428571428571428,0.5428571428571428,0.5135135135135135,0.5135135135135135,0.896551724137931,0.896551724137931,0.5277777777777778,0.5277777777777778,0.5277777777777778,0.5135135135135135,0.27586206896551724,0.27586206896551724,0.78125,0.78125,0.78125,0.78125,1.0,1.0,0.40540540540540543,0.40540540540540543,0.4807692307692308,0.37142857142857144,0.2830188679245283,0.2830188679245283,0.3783783783783784,0.42857142857142855,0.42857142857142855,0.4444444444444444,0.4523809523809524,0.4523809523809524,0.35714285714285715,0.35714285714285715,0.3953488372093023,0.3953488372093023,0.5428571428571428,0.5428571428571428,0.38235294117647056,0.38235294117647056,0.32558139534883723,0.32558139534883723,0.32558139534883723,0.8333333333333334,0.8333333333333334,0.8064516129032258,0.5263157894736842,0.5882352941176471,0.5405405405405406,0.5172413793103449,0.5,0.5,0.3684210526315789,0.3684210526315789,0.35135135135135137,0.35135135135135137,0.3939393939393939,0.3939393939393939,0.38235294117647056,0.38235294117647056,0.45454545454545453,0.45454545454545453,0.27586206896551724,0.27586206896551724,0.4666666666666667,0.4666666666666667,0.42857142857142855,0.42857142857142855,0.41379310344827586,0.41379310344827586,0.41379310344827586,0.41379310344827586,0.41379310344827586,0.41379310344827586,0.5,0.4666666666666667,0.4666666666666667,0.8928571428571429,0.0,0.0,0.0,0.0,0.0,0.0,0.0,0.0,0.0,0.0,0.0,0.0,0.0
91,0.4523809523809524,0.3181818181818182,0.3181818181818182,0.45714285714285713,0.6842105263157895,0.6842105263157895,0.6666666666666666,0.6666666666666666,0.6666666666666666,0.6666666666666666,0.6216216216216216,0.6216216216216216,0.631578947368421,0.631578947368421,0.2978723404255319,0.2978723404255319,0.4878048780487805,0.4878048780487805,0.4878048780487805,0.47619047619047616,0.5384615384615384,0.5384615384615384,0.3404255319148936,0.3404255319148936,0.3404255319148936,0.3404255319148936,0.3181818181818182,0.3181818181818182,0.5263157894736842,0.5263157894736842,0.48214285714285715,0.5882352941176471,0.6444444444444445,0.6444444444444445,0.5405405405405406,0.3939393939393939,0.3939393939393939,0.36363636363636365,0.5227272727272727,0.5227272727272727,0.26,0.26,0.29411764705882354,0.29411764705882354,0.6216216216216216,0.6216216216216216,0.6060606060606061,0.6060606060606061,0.6153846153846154,0.6578947368421053,0.6578947368421053,0.2978723404255319,0.2978723404255319,0.2916666666666667,0.4222222222222222,0.4634146341463415,0.4318181818181818,0.3888888888888889,0.46511627906976744,0.46511627906976744,0.6111111111111112,0.6111111111111112,0.6470588235294118,0.6470588235294118,0.5294117647058824,0.5294117647058824,0.5588235294117647,0.5588235294117647,0.5555555555555556,0.5555555555555556,0.5384615384615384,0.5384615384615384,0.5652173913043478,0.5652173913043478,0.3939393939393939,0.3939393939393939,0.42424242424242425,0.42424242424242425,0.42424242424242425,0.42424242424242425,0.42424242424242425,0.42424242424242425,0.4166666666666667,0.42857142857142855,0.42857142857142855,0.3111111111111111,0.3181818181818182,0.0,0.0,0.0,0.0,0.0,0.0,0.0,0.0,0.0,0.0,0.0,0.0
92,0.45,0.34146341463414637,0.34146341463414637,0.45454545454545453,0.6944444444444444,0.6944444444444444,0.6764705882352942,0.6764705882352942,0.6764705882352942,0.6764705882352942,0.6764705882352942,0.6764705882352942,0.6857142857142857,0.6857142857142857,0.3181818181818182,0.3181818181818182,0.48717948717948717,0.5263157894736842,0.5263157894736842,0.5526315789473685,0.4807692307692308,0.4807692307692308,0.3333333333333333,0.3333333333333333,0.36363636363636365,0.36363636363636365,0.34146341463414637,0.34146341463414637,0.5277777777777778,0.5277777777777778,0.45454545454545453,0.6451612903225806,0.5777777777777777,0.5777777777777777,0.6363636363636364,0.43333333333333335,0.43333333333333335,0.4,0.5609756097560976,0.5609756097560976,0.2765957446808511,0.2765957446808511,0.3125,0.3125,0.6764705882352942,0.6764705882352942,0.6666666666666666,0.6666666666666666,0.6666666666666666,0.6666666666666666,0.6666666666666666,0.3181818181818182,0.3181818181818182,0.3111111111111111,0.4186046511627907,0.46153846153846156,0.42857142857142855,0.42424242424242425,0.5,0.5,0.6666666666666666,0.6666666666666666,0.7096774193548387,0.7096774193548387,0.5806451612903226,0.5806451612903226,0.6129032258064516,0.6129032258064516,0.5581395348837209,0.5581395348837209,0.4807692307692308,0.4807692307692308,0.5333333333333333,0.5333333333333333,0.43333333333333335,0.43333333333333335,0.4666666666666667,0.4666666666666667,0.4666666666666667,0.4666666666666667,0.4666666666666667,0.4666666666666667,0.45454545454545453,0.42424242424242425,0.42424242424242425,0.3333333333333333,0.34146341463414637,0.34146341463414637,0.0,0.0,0.0,0.0,0.0,0.0,0.0,0.0,0.0,0.0,0.0
93,0.475,0.3333333333333333,0.3333333333333333,0.48484848484848486,0.6756756756756757,0.6756756756756757,0.6571428571428571,0.6571428571428571,0.6571428571428571,0.6571428571428571,0.6111111111111112,0.6111111111111112,0.6216216216216216,0.6216216216216216,0.3111111111111111,0.3111111111111111,0.5128205128205128,0.5128205128205128,0.5128205128205128,0.5384615384615384,0.5,0.5,0.35555555555555557,0.35555555555555557,0.35555555555555557,0.35555555555555557,0.3333333333333333,0.3333333333333333,0.5555555555555556,0.5555555555555556,0.44642857142857145,0.5757575757575758,0.6,0.6,0.6176470588235294,0.41935483870967744,0.41935483870967744,0.3870967741935484,0.5476190476190477,0.5476190476190477,0.2708333333333333,0.2708333333333333,0.30612244897959184,0.30612244897959184,0.6571428571428571,0.6571428571428571,0.59375,0.59375,0.6486486486486487,0.6944444444444444,0.6944444444444444,0.3111111111111111,0.3111111111111111,0.30434782608695654,0.4418604651162791,0.48717948717948717,0.4523809523809524,0.4117647058823529,0.4878048780487805,0.4878048780487805,0.6470588235294118,0.6470588235294118,0.6363636363636364,0.6363636363636364,0.5625,0.5625,0.59375,0.59375,0.5454545454545454,0.5454545454545454,0.5,0.5,0.5555555555555556,0.5555555555555556,0.41935483870967744,0.41935483870967744,0.45161290322580644,0.45161290322580644,0.40625,0.40625,0.45161290322580644,0.45161290322580644,0.4411764705882353,0.4117647058823529,0.4117647058823529,0.32558139534883723,0.3333333333333333,0.3333333333333333,0.8235294117647058,0.0,0.0,0.0,0.0,0.0,0.0,0.0,0.0,0.0,0.0
94,0.3559322033898305,0.4,0.4,0.32075471698113206,0.48214285714285715,0.48214285714285715,0.43636363636363634,0.43636363636363634,0.43636363636363634,0.43636363636363634,0.43636363636363634,0.43636363636363634,0.44642857142857145,0.44642857142857145,0.42857142857142855,0.42857142857142855,0.3559322033898305,0.3333333333333333,0.3333333333333333,0.3728813559322034,0.47761194029850745,0.47761194029850745,0.41379310344827586,0.41379310344827586,0.43859649122807015,0.43859649122807015,0.375,0.375,0.42592592592592593,0.42592592592592593,0.3783783783783784,0.37735849056603776,0.55,0.55,0.4074074074074074,0.25,0.25,0.23076923076923078,0.5087719298245614,0.5087719298245614,0.26153846153846155,0.26153846153846155,0.3076923076923077,0.3076923076923077,0.43636363636363634,0.43636363636363634,0.3584905660377358,0.3584905660377358,0.4642857142857143,0.4642857142857143,0.4642857142857143,0.42857142857142855,0.42857142857142855,0.44642857142857145,0.3387096774193548,0.3620689655172414,0.3442622950819672,0.2777777777777778,0.3898305084745763,0.3898305084745763,0.42592592592592593,0.42592592592592593,0.41509433962264153,0.41509433962264153,0.36538461538461536,0.36538461538461536,0.38461538461538464,0.38461538461538464,0.45901639344262296,0.45901639344262296,0.47761194029850745,0.47761194029850745,0.5423728813559322,0.5423728813559322,0.25,0.25,0.2692307692307692,0.2692307692307692,0.2692307692307692,0.2692307692307692,0.2692307692307692,0.2692307692307692,0.2962962962962963,0.3018867924528302,0.3018867924528302,0.39285714285714285,0.375,0.375,0.509090909090909,0.48148148148148145,0.0,0.0,0.0,0.0,0.0,0.0,0.0,0.0,0.0
95,0.3559322033898305,0.4,0.4,0.32075471698113206,0.48214285714285715,0.48214285714285715,0.43636363636363634,0.43636363636363634,0.43636363636363634,0.43636363636363634,0.43636363636363634,0.43636363636363634,0.44642857142857145,0.44642857142857145,0.42857142857142855,0.42857142857142855,0.3559322033898305,0.3333333333333333,0.3333333333333333,0.3728813559322034,0.47761194029850745,0.47761194029850745,0.41379310344827586,0.41379310344827586,0.43859649122807015,0.43859649122807015,0.375,0.375,0.42592592592592593,0.42592592592592593,0.3783783783783784,0.37735849056603776,0.55,0.55,0.4074074074074074,0.25,0.25,0.23076923076923078,0.5087719298245614,0.5087719298245614,0.26153846153846155,0.26153846153846155,0.3076923076923077,0.3076923076923077,0.43636363636363634,0.43636363636363634,0.3584905660377358,0.3584905660377358,0.4642857142857143,0.4642857142857143,0.4642857142857143,0.42857142857142855,0.42857142857142855,0.44642857142857145,0.3387096774193548,0.3620689655172414,0.3442622950819672,0.2777777777777778,0.3898305084745763,0.3898305084745763,0.42592592592592593,0.42592592592592593,0.41509433962264153,0.41509433962264153,0.36538461538461536,0.36538461538461536,0.38461538461538464,0.38461538461538464,0.45901639344262296,0.45901639344262296,0.47761194029850745,0.47761194029850745,0.5423728813559322,0.5423728813559322,0.25,0.25,0.2692307692307692,0.2692307692307692,0.2692307692307692,0.2692307692307692,0.2692307692307692,0.2692307692307692,0.2962962962962963,0.3018867924528302,0.3018867924528302,0.39285714285714285,0.375,0.375,0.509090909090909,0.48148148148148145,0.4727272727272727,0.0,0.0,0.0,0.0,0.0,0.0,0.0,0.0
96,0.5,0.3783783783783784,0.3783783783783784,0.5714285714285714,0.6764705882352942,0.6764705882352942,0.7666666666666667,0.7666666666666667,0.7666666666666667,0.7666666666666667,0.7666666666666667,0.7666666666666667,0.71875,0.71875,0.35,0.35,0.5,0.5428571428571428,0.5428571428571428,0.5277777777777778,0.43137254901960786,0.43137254901960786,0.4,0.4,0.4,0.4,0.3783783783783784,0.3783783783783784,0.6451612903225806,0.6451612903225806,0.4074074074074074,0.7407407407407407,0.5227272727272727,0.5227272727272727,0.7241379310344828,0.5,0.5,0.46153846153846156,0.5384615384615384,0.5384615384615384,0.3023255813953488,0.3023255813953488,0.3409090909090909,0.3409090909090909,0.7666666666666667,0.7666666666666667,0.7037037037037037,0.7037037037037037,0.6470588235294118,0.6470588235294118,0.6470588235294118,0.35,0.35,0.34146341463414637,0.46153846153846156,0.5142857142857142,0.47368421052631576,0.4827586206896552,0.5135135135135135,0.5135135135135135,0.7,0.7,0.75,0.75,0.7307692307692307,0.7307692307692307,0.6428571428571429,0.6428571428571429,0.5365853658536586,0.5365853658536586,0.43137254901960786,0.43137254901960786,0.5116279069767442,0.5116279069767442,0.5,0.5,0.5384615384615384,0.5384615384615384,0.5384615384615384,0.5384615384615384,0.5384615384615384,0.5384615384615384,0.5172413793103449,0.5357142857142857,0.5357142857142857,0.3684210526315789,0.3783783783783784,0.3783783783783784,0.6285714285714286,0.6363636363636364,0.71875,0.4074074074074074,0.0,0.0,0.0,0.0,0.0,0.0,0.0
97,0.5,0.3783783783783784,0.3783783783783784,0.5714285714285714,0.6764705882352942,0.6764705882352942,0.7666666666666667,0.7666666666666667,0.7666666666666667,0.7666666666666667,0.7666666666666667,0.7666666666666667,0.71875,0.71875,0.35,0.35,0.5,0.5428571428571428,0.5428571428571428,0.5277777777777778,0.43137254901960786,0.43137254901960786,0.4,0.4,0.4,0.4,0.3783783783783784,0.3783783783783784,0.6451612903225806,0.6451612903225806,0.4074074074074074,0.7407407407407407,0.5227272727272727,0.5227272727272727,0.7241379310344828,0.5,0.5,0.46153846153846156,0.5384615384615384,0.5384615384615384,0.3023255813953488,0.3023255813953488,0.3409090909090909,0.3409090909090909,0.7666666666666667,0.7666666666666667,0.7037037037037037,0.7037037037037037,0.6470588235294118,0.6470588235294118,0.6470588235294118,0.35,0.35,0.34146341463414637,0.46153846153846156,0.5142857142857142,0.47368421052631576,0.4827586206896552,0.5135135135135135,0.5135135135135135,0.7,0.7,0.75,0.75,0.7307692307692307,0.7307692307692307,0.6428571428571429,0.6428571428571429,0.5365853658536586,0.5365853658536586,0.43137254901960786,0.43137254901960786,0.5116279069767442,0.5116279069767442,0.5,0.5,0.5384615384615384,0.5384615384615384,0.5384615384615384,0.5384615384615384,0.5384615384615384,0.5384615384615384,0.5172413793103449,0.5357142857142857,0.5357142857142857,0.3684210526315789,0.3783783783783784,0.3783783783783784,0.6285714285714286,0.6363636363636364,0.71875,0.4074074074074074,0.4074074074074074,0.0,0.0,0.0,0.0,0.0,0.0
98,0.40625,0.4482758620689655,0.4482758620689655,0.5217391304347826,0.45454545454545453,0.45454545454545453,0.4666666666666667,0.4666666666666667,0.4666666666666667,0.4666666666666667,0.4666666666666667,0.4666666666666667,0.4375,0.4375,0.40625,0.40625,0.40625,0.40625,0.40625,0.4375,0.3333333333333333,0.3333333333333333,0.38235294117647056,0.38235294117647056,0.38235294117647056,0.38235294117647056,0.4482758620689655,0.4482758620689655,0.4482758620689655,0.4482758620689655,0.28846153846153844,0.52,0.3181818181818182,0.3181818181818182,0.5185185185185185,0.6666666666666666,0.6666666666666666,0.7058823529411765,0.34210526315789475,0.34210526315789475,0.34285714285714286,0.34285714285714286,0.3157894736842105,0.3157894736842105,0.4666666666666667,0.4666666666666667,0.48,0.48,0.46875,0.46875,0.46875,0.40625,0.40625,0.3939393939393939,0.37142857142857144,0.41935483870967744,0.38235294117647056,0.6190476190476191,0.38235294117647056,0.38235294117647056,0.5,0.5,0.5384615384615384,0.5384615384615384,0.6363636363636364,0.6363636363636364,0.5416666666666666,0.5416666666666666,0.42105263157894735,0.42105263157894735,0.3333333333333333,0.3333333333333333,0.36585365853658536,0.36585365853658536,0.6666666666666666,0.6666666666666666,0.631578947368421,0.631578947368421,0.631578947368421,0.631578947368421,0.631578947368421,0.631578947368421,0.5909090909090909,0.6190476190476191,0.6190476190476191,0.43333333333333335,0.4482758620689655,0.4482758620689655,0.4117647058823529,0.40625,0.3939393939393939,0.2641509433962264,0.2641509433962264,0.5185185185185185,0.0,0.0,0.0,0.0,0.0
99,0.40625,0.4482758620689655,0.4482758620689655,0.5217391304347826,0.45454545454545453,0.45454545454545453,0.4666666666666667,0.4666666666666667,0.4666666666666667,0.4666666666666667,0.4666666666666667,0.4666666666666667,0.4375,0.4375,0.40625,0.40625,0.40625,0.40625,0.40625,0.4375,0.3333333333333333,0.3333333333333333,0.38235294117647056,0.38235294117647056,0.38235294117647056,0.38235294117647056,0.4482758620689655,0.4482758620689655,0.4482758620689655,0.4482758620689655,0.28846153846153844,0.52,0.3181818181818182,0.3181818181818182,0.5185185185185185,0.6666666666666666,0.6666666666666666,0.7058823529411765,0.34210526315789475,0.34210526315789475,0.34285714285714286,0.34285714285714286,0.3157894736842105,0.3157894736842105,0.4666666666666667,0.4666666666666667,0.48,0.48,0.46875,0.46875,0.46875,0.40625,0.40625,0.3939393939393939,0.37142857142857144,0.41935483870967744,0.38235294117647056,0.6190476190476191,0.38235294117647056,0.38235294117647056,0.5,0.5,0.5384615384615384,0.5384615384615384,0.6363636363636364,0.6363636363636364,0.5416666666666666,0.5416666666666666,0.42105263157894735,0.42105263157894735,0.3333333333333333,0.3333333333333333,0.36585365853658536,0.36585365853658536,0.6666666666666666,0.6666666666666666,0.631578947368421,0.631578947368421,0.631578947368421,0.631578947368421,0.631578947368421,0.631578947368421,0.5909090909090909,0.6190476190476191,0.6190476190476191,0.43333333333333335,0.4482758620689655,0.4482758620689655,0.4117647058823529,0.40625,0.3939393939393939,0.2641509433962264,0.2641509433962264,0.5185185185185185,0.5185185185185185,0.0,0.0,0.0,0.0
100,0.4523809523809524,0.3488372093023256,0.3488372093023256,0.5,0.6410256410256411,0.6410256410256411,0.6666666666666666,0.6666666666666666,0.6216216216216216,0.6216216216216216,0.6216216216216216,0.6216216216216216,0.631578947368421,0.631578947368421,0.32608695652173914,0.32608695652173914,0.4523809523809524,0.525,0.525,0.55,0.5094339622641509,0.5094339622641509,0.4,0.4,0.3695652173913043,0.3695652173913043,0.3488372093023256,0.3488372093023256,0.6111111111111112,0.6111111111111112,0.43103448275862066,0.5428571428571428,0.574468085106383,0.574468085106383,0.5833333333333334,0.3939393939393939,0.3939393939393939,0.36363636363636365,0.5581395348837209,0.5581395348837209,0.2857142857142857,0.2857142857142857,0.32,0.32,0.6666666666666666,0.6666666666666666,0.5588235294117647,0.5588235294117647,0.6578947368421053,0.6153846153846154,0.6153846153846154,0.32608695652173914,0.32608695652173914,0.3191489361702128,0.4222222222222222,0.4634146341463415,0.4318181818181818,0.3888888888888889,0.5,0.5,0.6571428571428571,0.6571428571428571,0.6,0.6,0.5294117647058824,0.5294117647058824,0.5142857142857142,0.5142857142857142,0.5555555555555556,0.5555555555555556,0.5094339622641509,0.5094339622641509,0.5319148936170213,0.5319148936170213,0.3939393939393939,0.3939393939393939,0.42424242424242425,0.42424242424242425,0.42424242424242425,0.42424242424242425,0.42424242424242425,0.42424242424242425,0.45714285714285713,0.42857142857142855,0.42857142857142855,0.3409090909090909,0.3488372093023256,0.3488372093023256,0.6,0.6486486486486487,0.631578947368421,0.45614035087719296,0.45614035087719296,0.6285714285714286,0.6285714285714286,0.4117647058823529,0.0,0.0,0.0
101,0.4523809523809524,0.3488372093023256,0.3488372093023256,0.5,0.6410256410256411,0.6410256410256411,0.6666666666666666,0.6666666666666666,0.6216216216216216,0.6216216216216216,0.6216216216216216,0.6216216216216216,0.631578947368421,0.631578947368421,0.32608695652173914,0.32608695652173914,0.4523809523809524,0.525,0.525,0.55,0.5094339622641509,0.5094339622641509,0.4,0.4,0.3695652173913043,0.3695652173913043,0.3488372093023256,0.3488372093023256,0.6111111111111112,0.6111111111111112,0.43103448275862066,0.5428571428571428,0.574468085106383,0.574468085106383,0.5833333333333334,0.3939393939393939,0.3939393939393939,0.36363636363636365,0.5581395348837209,0.5581395348837209,0.2857142857142857,0.2857142857142857,0.32,0.32,0.6666666666666666,0.6666666666666666,0.5588235294117647,0.5588235294117647,0.6578947368421053,0.6153846153846154,0.6153846153846154,0.32608695652173914,0.32608695652173914,0.3191489361702128,0.4222222222222222,0.4634146341463415,0.4318181818181818,0.3888888888888889,0.5,0.5,0.6571428571428571,0.6571428571428571,0.6,0.6,0.5294117647058824,0.5294117647058824,0.5142857142857142,0.5142857142857142,0.5555555555555556,0.5555555555555556,0.5094339622641509,0.5094339622641509,0.5319148936170213,0.5319148936170213,0.3939393939393939,0.3939393939393939,0.42424242424242425,0.42424242424242425,0.42424242424242425,0.42424242424242425,0.42424242424242425,0.42424242424242425,0.45714285714285713,0.42857142857142855,0.42857142857142855,0.3409090909090909,0.3488372093023256,0.3488372093023256,0.6,0.6486486486486487,0.631578947368421,0.45614035087719296,0.45614035087719296,0.6285714285714286,0.6285714285714286,0.4117647058823529,0.4117647058823529,0.0,0.0
