Unnamed: 0,row ID,smiles,row m/z,match_id,match_smiles,mps0,pp0,pair_similarity0,mps1,pp1,pair_similarity1,mps2,pp2,pair_similarity2,pair_similarity,mps,pp,mcs
4608,32,OC1=CC(O)=C(C2=O)C(CC(O[C@H](CCCCC2)C)=O)=C1,293.1387329,CNP0173224,O=C(OC(C=C)C1=CC=C(OC(=O)C(C)C)C(OC)=C1)C,4.0,0.056338028,0.136794784,15.0,0.211267606,0.29927555,21.0,0.295774648,0.43765255,0.43765255,21.0,0.295774648,0.6538461538461539
6145,50,COC1C(O)=CC(C)=CC=1OC1=CC(=CC(=C1O)O)C,299.0892639,CMNPD20922,Oc1ccc(cc1)C2=C(Cc3cc(O)c(O)cc3)COC2=O,1.0,0.166666667,0.841282964,1.0,0.166666667,0.369998395,0.0,0.0,0.0,0.841282964,1.0,0.166666667,0.6071428571428571
4099,27,O=C(C(NC/1=O)=C)NC1=C/C2=C(C(C)(C)C=C)NC3=CC=CC=C32,322.15625,CNP0004078,O=C(NCC)N1CC2OCC(=O)N(CC3=CC=C(F)C=C3)C2C1,1.0,0.027027027,0.079013236,1.0,0.027027027,0.040396336,10.0,0.27027027,0.126882118,0.126882118,10.0,0.27027027,0.3783783783783784
12808,82,CCC(CC1C(OC)=CC(=O)OC=1C)O,235.0932159,CNP0084919,O=C(O)CCC(NCC(N)C(=O)O)C(=O)O,1.0,0.5,0.515878201,1.0,0.5,0.338862985,0.0,0.0,0.0,0.515878201,1.0,0.5,0.6666666666666666
11785,72,O=C1C=C[C@@]2(CC[C@@]([C@@]3(C(O[C@H](C)[C@@]34C(O5)=O)=O)C([C@@]5(C)[C@H]6O)=C)(C)[C@]6(O4)C2=C)C(C)(C)O1,479.1680908,CNP0401277,O=C(NC1=CC=C2OCOC2=C1)CCN3C=4C=CC=CC4C5=C3C6=NC=7C=CC=CC7C(=O)N6CC5,1.0,0.2,0.927370369,1.0,0.2,0.550526202,1.0,0.2,0.306925267,0.927370369,1.0,0.2,0.48148148148148145
12809,82,CCC(CC1C(OC)=CC(=O)OC=1C)O,235.0932159,CNP0085688,O=C(NC12NC2(O)OC(CO)C(O)C1O)C,1.0,0.5,0.734595358,1.0,0.5,0.561742485,1.0,0.5,0.478720605,0.734595358,1.0,0.5,0.6842105263157895
9744,64,CCC[C@@H]1O[C@](C)2[C@@](OC(C3C2=CC(OC)=C(OC)C=3O)=O)(C)C1,331.1141663,CNP0081735,O=C(O)C1=CC=C(C=C1O)NCC2=NC=3C(=O)NC(=NC3NC2)N,1.0,0.25,0.725822985,1.0,0.25,0.333106041,0.0,0.0,0.0,0.725822985,1.0,0.25,0.625
15376,89,O=C(C(NC/1=O)=O)NC1=C/C2=C(C(C)(C)C=C)NC3=CC=CC=C32,324.1347961,CNP0203801,O=C(NCC1OCC2=NC=C(C=3C=CC=CC3)N2C1)COC,0.0,0.0,0.0,2.0,0.057142857,0.160725014,7.0,0.2,0.396930545,0.396930545,7.0,0.2,0.35135135135135137
16407,95,COC(=O)C12OC3C(C(=O)C1=C(O)CC(C)C2O)=C(O)C(C1C=CC2OC4(C(O)C(C)CC(O)=C4C(=O)C=2C=1O)C(=O)OC)=CC=3,661.1564941,NPA015596,CC1=CC(=C(C(=C1)OC2=C(C=C(C=C2C(=O)OC)O)OC)C(=O)OC3=CC(=CC4=C3C(=O)[C@@]5(O4)C(=CC(=O)C=C5OC)C(=O)OC)C)O,4.0,0.5,0.487466501,4.0,0.5,0.355210852,1.0,0.125,0.350667626,0.487466501,4.0,0.5,0.609375
4120,27,O=C(C(NC/1=O)=C)NC1=C/C2=C(C(C)(C)C=C)NC3=CC=CC=C32,322.15625,CNP0438443,O=C(NC1=NC=CS1)CC2CCN(C(=O)C3CC3)CC2CC,3.0,0.081081081,0.482552752,4.0,0.108108108,0.287521251,5.0,0.135135135,0.259498561,0.482552752,3.0,0.081081081,0.35135135135135137
4639,33,CC(C1=C2C(CO3)(C(C(O)=C4C5=C6C(C)=CC(O)=C5C(OC4)=O)=C6O7)C7(CC1=O)O)=CC(O)=C2C3=O,491.0977783,CMNPD27475,O=C1C[C@@](Oc(c(c2C)c(c3CO4)c(C4=O)c(c2)O)c5c3O)(O)[C@@]5(CO6)c(c17)c(C6=O)c(O)cc7C,2.0,0.051282051,0.784027852,2.0,0.051282051,0.784027852,7.0,0.179487179,0.449976318,0.784027852,2.0,0.051282051,1.0
3106,16,C=CC(C1NC2C=CC=CC=2C=1/C=C1/C(=O)N2C(=CCC2)C(=O)N/1)(C)C,370.1524963,CNP0399178,O=C(NC1=CC=CC2=C1C=CN2CCOC)CN3C=CC=4C=CC=CC43,0.0,0.0,0.0,2.0,0.25,0.024904928,2.0,0.25,0.021871801,0.024904928,2.0,0.25,0.28888888888888886
9764,64,CCC[C@@H]1O[C@](C)2[C@@](OC(C3C2=CC(OC)=C(OC)C=3O)=O)(C)C1,331.1141663,CNP0016312,O=S1(=O)NC2CN(CC=3C=CC=CC3)CC2OC=4C=CC=CC41,1.0,0.25,0.901456296,1.0,0.25,0.841234446,1.0,0.25,0.323075116,0.901456296,1.0,0.25,0.625
4646,33,CC(C1=C2C(CO3)(C(C(O)=C4C5=C6C(C)=CC(O)=C5C(OC4)=O)=C6O7)C7(CC1=O)O)=CC(O)=C2C3=O,491.0977783,NPA015941,C1[C@H](CC(=O)C2=NC3=C(C=CC=C3O)N=C21)C4=C(C=C(C5=NC6=C(C(=CC=C6)O)N=C45)C(=O)O)O,0.0,0.0,0.0,0.0,0.0,0.0,10.0,0.256410256,0.083639097,0.083639097,10.0,0.256410256,0.5769230769230769
14375,86,[C@]([H])12[C@@](C)(C)CCC[C@]1(C)[C@@H](CO)C(C)=CC2=O,237.1847382,CNP0296913,O=C(OCC(=CCCC(=C)C=C)C)CC(C)C,14.0,0.225806452,0.695628385,17.0,0.274193548,0.45646676,15.0,0.241935484,0.358167994,0.695628385,14.0,0.225806452,0.4782608695652174
12328,78,CCCCC1C(OC)=CC(=O)OC=1C,219.0984192,NPA004617,CC(=O)N[C@@H]1[C@H]([C@H]([C@H](CN1)C(=O)O)O)O,1.0,0.5,0.736530006,1.0,0.5,0.36300236,0.0,0.0,0.0,0.736530006,1.0,0.5,0.7058823529411765
3629,20,[H][C@@]12[C@@](O)(C)CC(=O)[C@]1([H])/C(/C=O)=CC[C@@]([H])1C(CC[C@@]1(C(/C=CC=C(/C)C)C)[H])(C)C2,407.2545776,CNP0346191,O=C1C=C(OC(=C1O)C2(CC(=O)NCC3(N(C)C)CCCCC3)CCOCC2)C,2.0,0.333333333,0.501535707,1.0,0.166666667,0.352340788,1.0,0.166666667,0.437262237,0.501535707,2.0,0.333333333,0.4523809523809524
11826,72,O=C1C=C[C@@]2(CC[C@@]([C@@]3(C(O[C@H](C)[C@@]34C(O5)=O)=O)C([C@@]5(C)[C@H]6O)=C)(C)[C@]6(O4)C2=C)C(C)(C)O1,479.1680908,CNP0251530,O=C(OC1CC2C(=O)OC(C3=COC=C3)CC2(C)C4C(=O)CCC5C(=O)OCC154)C(=CC)C,0.0,0.0,0.0,2.0,0.4,0.005158777,1.0,0.2,0.002968378,0.005158777,2.0,0.4,0.5957446808510638
3123,16,C=CC(C1NC2C=CC=CC=2C=1/C=C1/C(=O)N2C(=CCC2)C(=O)N/1)(C)C,370.1524963,CNP0055870,OC=1C=C(OCC=2C=CC=CC2)C=CC1C=3N=C(N=CC3C4=CC=CC=C4)N,1.0,0.125,0.966600776,1.0,0.125,0.966600776,2.0,0.25,0.009076709,0.966600776,1.0,0.125,0.2765957446808511
12340,78,CCCCC1C(OC)=CC(=O)OC=1C,219.0984192,CNP0398447,O=C(O)CCC(NC(=O)C(N)C)C(=O)O,1.0,0.5,0.743288934,1.0,0.5,0.541324317,0.0,0.0,0.0,0.743288934,1.0,0.5,0.6470588235294118
15923,93,C(C1C(OC2C=CC([C@@H](CC(C)C)O)=C(OC)C=2C(OC)=O)=C(O)C=C(C)C=1)=O,425.1568604,CMNPD23589,[C@@H]1(C(C(=C(O[C@@H]1C)c2c(c3c(c(c2O)C)[C@H](C)[C@@H](C)O3)O4)C4=C(C(=O)O)C5=O)=C5C)C,2.0,0.5,0.731309932,2.0,0.5,0.482886446,2.0,0.5,0.218026991,0.731309932,2.0,0.5,0.7105263157894737
16442,95,COC(=O)C12OC3C(C(=O)C1=C(O)CC(C)C2O)=C(O)C(C1C=CC2OC4(C(O)C(C)CC(O)=C4C(=O)C=2C=1O)C(=O)OC)=CC=3,661.1564941,CNP0415531,O=C(NCCS(=O)(=O)N(C)C)CC1=C(OC2=C1C(=O)C3(OC=4C(Cl)=C(OC)C=C(OC)C4C3=O)C(C)C2)C=5C=CC(OC)=CC5,1.0,0.125,0.525700867,2.0,0.25,0.300359974,2.0,0.25,0.302977178,0.525700867,1.0,0.125,0.5151515151515151
7230,54,C=CC(C1NC2C=CC=CC=2C=1/C=C1/C(=O)N2C(CCC2)C(=O)N/1)(C)C,350.1861877,NPA014999,CC(=C[C@H]1C2=C(C[C@@H]3N1C(=O)[C@@H]4CCCN4C3=O)C5=CC=CC=C5N2)C,1.0,0.015873016,0.090939231,1.0,0.015873016,0.075727016,14.0,0.222222222,0.224594696,0.224594696,14.0,0.222222222,0.37209302325581395
4159,28,O=C(C(NC/1=O)=C)NC1=C/C2=C(C(C)(C)C=C)NC3=CC=CC=C32,344.1372681,CMNPD5396,c1(c2c(cccc2)[nH]c1)\C=C\NC(=O)\C=C\c3c[nH]c(c3cc4)c(O)c4,1.0,0.5,0.87951678,1.0,0.5,0.404940277,1.0,0.5,0.47354883,0.87951678,1.0,0.5,0.41025641025641024
15427,90,O=C(C(NC/1=O)=O)NC1=C/C2=C(C(C)(C)C=C)NC3=CC=CC=C32,346.1159668,CNP0415469,O=C1NC(=O)N(C2=NC(=CC=C12)C=3C=CC=CC3O)CC=4C=CC=CC4,1.0,0.066666667,0.460208178,1.0,0.066666667,0.613259494,2.0,0.133333333,0.226046801,0.613259494,1.0,0.066666667,0.34146341463414637
1607,7,COC1C=CC=C2C=1C(C1C(O)=C3C(OC4C3CCO4)=CC=1O2)=O,327.0853577,CNP0411756,O=C(O)CC1=C(OC2=CC=3OCOC3C=C21)C4=CC=CC(OC)=C4,2.0,0.054054054,0.397112304,2.0,0.054054054,0.397112304,9.0,0.243243243,0.469720718,0.469720718,9.0,0.243243243,0.7741935483870968
11340,70,CC(C)[C@H]1[C@@H](O)C2C(=C3C(=CC=2)C[C@@H](C)OC3=O)O1,285.1089783,CNP0309508,O=C(NN=C(C1=CNC=2C=CC=CC21)C)C3=NON=C3N,1.0,0.25,0.894209206,1.0,0.25,0.457341969,0.0,0.0,0.0,0.894209206,1.0,0.25,0.375
3662,20,[H][C@@]12[C@@](O)(C)CC(=O)[C@]1([H])/C(/C=O)=CC[C@@]([H])1C(CC[C@@]1(C(/C=CC=C(/C)C)C)[H])(C)C2,407.2545776,CNP0381850,O=C(OCC)N1CCN(CC1)CC2C(=O)OC3CC4(C)CCCC(C)C54OC5C32,2.0,0.333333333,0.729348141,2.0,0.333333333,0.394220342,2.0,0.333333333,0.323212895,0.729348141,2.0,0.333333333,0.4318181818181818
7246,54,C=CC(C1NC2C=CC=CC=2C=1/C=C1/C(=O)N2C(CCC2)C(=O)N/1)(C)C,350.1861877,CNP0416464,OCC1C=C(C)C(CC2=NN=C(O2)C=3C=CN=CC3)CC1C(C)C,2.0,0.031746032,0.234170733,4.0,0.063492063,0.305121062,7.0,0.111111111,0.288400839,0.305121062,4.0,0.063492063,0.4864864864864865
15440,90,O=C(C(NC/1=O)=O)NC1=C/C2=C(C(C)(C)C=C)NC3=CC=CC=C32,346.1159668,CNP0366249,O=C1NC(=NC2=C1N=CN2C3OC(CO)C4OC(OC34)(C)C)N,0.0,0.0,0.0,0.0,0.0,0.0,3.0,0.2,0.079712952,0.079712952,3.0,0.2,0.3684210526315789
5714,46,CC(O[C@H](C(C)(C)[C@@H]1CC/C(C)=C/CC/C(C)=C/CC2=C(O)C=C(C)OC2=O)CCC1=C)=O,479.2737122,CNP0273484,O=C(OCCC)C1OC(C=CC1N=C(O)C(N)C(C)CCN(C(=N)N)C)N2C=CC(=N)N=C2O,2.0,0.333333333,0.434989616,2.0,0.333333333,0.318198763,1.0,0.166666667,0.197184369,0.434989616,2.0,0.333333333,0.3269230769230769
2132,9,[H][C@]12C3C(=CC(=C4C=3OC3C(=C(C=CC=3)O)C4=O)OC)O[C@@]1([H])OCC2,327.0848999,CNP0310355,O=C1C=2C(O)=CC=C(O)C2OC3=C4C=CC(OC4=CC(O)=C13)(C)C,2.0,0.083333333,0.713850126,2.0,0.083333333,0.771482527,7.0,0.291666667,0.176514977,0.771482527,2.0,0.083333333,0.6666666666666666
12884,83,CCCC(C1C(OC)=CC(=O)OC=1C)O,213.1116333,CMNPD16696,[C@@H]1(C)[C@H](O)CC(=C(C(O[C@H](C)C2)=O)[C@@]12[H])O,2.0,0.028571429,0.414199546,10.0,0.142857143,0.355286138,26.0,0.371428571,0.502023113,0.502023113,26.0,0.371428571,0.7222222222222222
5206,42,C[C@H](/C=C/[C@H](C)C(C)C)[C@@]1([H])CC[C@@]2([H])[C@@]34C=C[C@@]5(OO4)C[C@@H](O)CC[C@]5(C)[C@@]3([H])CC[C@@]21C,451.3167419,CNP0114019,O=C(NCC1N2CCC(C1)C(C=3N=C(N=C(C3)C(CC)CC)C=4C=CN=CC4)C2)NC(C)C,1.0,0.25,0.784499168,1.0,0.25,0.390338987,1.0,0.25,0.27156654,0.784499168,1.0,0.25,0.4791666666666667
1119,5,COC1C=C(O)C=C2C=1C(C1C(O)=C3C(OC4(OC3CCC4)C)=CC=1C2=O)=O,383.1125488,NPA011655,CC1=CC2=C(C(=C1)O)OC3=C(C(=CC(=C3O)O)C)C4=C(O2)C(=C(C=C4C)O)O,2.0,0.117647059,0.2806371,2.0,0.117647059,0.2806371,8.0,0.470588235,0.341676792,0.341676792,8.0,0.470588235,0.6578947368421053
5219,43,O[C@H](C(C)(C)[C@@H]1CC/C(C)=C/CC/C(C)=C/CC2=C(O)C=C(C)OC2=O)CCC1=C,415.2817688,CMNPD12808,C1CC[C@]2([C@@]([H])(CC[C@@](C)([C@]([H])(CC=C3C(C)=O)[C@]([C@H]3C(=O)O4)(C)[C@H]4C5)[C@@]25[H])C1(C)C)CO,2.0,0.042553191,0.390027106,4.0,0.085106383,0.166890597,7.0,0.14893617,0.033216567,0.390027106,2.0,0.042553191,0.3541666666666667
11880,73,O=C1CC[C@@]2(C[C@@H](OC(/C(C)=CC)=O)[C@@]([C@@]3(C(O[C@H](C)[C@@]34C(O5)=O)=O)C([C@@]5(C)[C@H]6OC(C)=O)=O)(C)[C@]6(O4)C2=C)C(C)(C)O1,601.2318726,CNP0231643,O=C(OC)C1=COC(OC2OC(CO)C(O)C(O)C2O)C(C=C)C1CC=CC(=O)CC(O)CCC3=CC=C(O)C=C3,10.0,0.106382979,0.138725598,14.0,0.14893617,0.110427259,7.0,0.074468085,0.063343738,0.138725598,10.0,0.106382979,0.3582089552238806
6249,50,COC1C(O)=CC(C)=CC=1OC1=CC(=CC(=C1O)O)C,299.0892639,CNP0450280,O=C1C(OC)=C(OC=2C=C(O)C=C(O)C12)CC=3C=CC=CC3,1.0,0.166666667,0.8183375,1.0,0.166666667,0.952113926,1.0,0.166666667,0.279700547,0.952113926,1.0,0.166666667,0.8
3690,21,O=C1CC[C@@]2(C[C@@H](OC(/C(C)=CC)=O)[C@@]([C@@]3(C(O[C@H](C)[C@@]34C(O5)=O)=O)C([C@@]5(C)[C@H]6OC(C)=O)=C)(C)[C@]6(O4)C2=C)C(C)(C)O1,599.2472534,CNP0425257,O=C(OC1C2(O)C(=O)C(C)(C(CC(=O)OC)C1(C)C)C34OC4CC5(C)C(OC(=O)CC5C63OC26)C7=COC=C7)C(=CC)C,5.0,0.032258065,0.208419626,8.0,0.051612903,0.175930641,10.0,0.064516129,0.063817405,0.208419626,5.0,0.032258065,0.49230769230769234
4715,34,CC(C1=C2C(CO3)(C(C(O)=C4C5=C6C(C)=CC(O)=C5C(OC4)=O)=C6O7)C7(CC1=O)O)=CC(O)=C2C3=O,513.0780029,CNP0424504,O=C1OC2C3C(C(=O)C=C3COC(=O)CC4=CC=C(O)C=C4)=C(C)CC(OS(=O)(=O)O)C2C1=C,0.0,0.0,0.0,2.0,0.111111111,0.064675836,1.0,0.055555556,0.011237823,0.064675836,2.0,0.111111111,0.58
4716,34,CC(C1=C2C(CO3)(C(C(O)=C4C5=C6C(C)=CC(O)=C5C(OC4)=O)=C6O7)C7(CC1=O)O)=CC(O)=C2C3=O,513.0780029,CNP0241886,O=C(C1=CC=C(Br)C=C1)C2C(C(=O)C)N3C=4C=CC=CC4C=CC3C52C(=O)NC=6C=CC=CC65,1.0,0.055555556,0.79446125,1.0,0.055555556,0.593306184,2.0,0.111111111,0.274078052,0.79446125,1.0,0.055555556,0.62
3696,21,O=C1CC[C@@]2(C[C@@H](OC(/C(C)=CC)=O)[C@@]([C@@]3(C(O[C@H](C)[C@@]34C(O5)=O)=O)C([C@@]5(C)[C@H]6OC(C)=O)=C)(C)[C@]6(O4)C2=C)C(C)(C)O1,599.2472534,CNP0041390,O=C1C=C(OC=2C=C3OC(C)(C)C4OC(=O)C5(OC5CCC6=CC(=NC(=C6)C=7C=CN=C(N)C7)N)CCCC4C3=C(O)C12)C,1.0,0.006451613,0.024819128,14.0,0.090322581,0.068333744,18.0,0.116129032,0.046886948,0.068333744,14.0,0.090322581,0.53125
2675,12,[H][C@]12C3C(=CC(=C4C=3OC3C(=C(C=CC=3)O)C4=O)OC)O[C@@]1([H])OC=C2,347.0517883,CMNPD18745,c12c(cc(OC)c([C@@]3([H])[C@H](OC=C3)O4)c14)Oc(cccc5O)c5C2=O,1.0,0.125,0.018135978,1.0,0.125,0.019569052,1.0,0.125,0.006982454,0.019569052,1.0,0.125,0.8666666666666667
10867,69,CC(C)[C@H]1[C@@H](O)C2C(=C3C(=CC=2)C[C@@H](C)OC3=O)O1,263.1282349,CNP0209939,O=C1OC2=C(C=C1)C=CC(OC)=C2CCC(O)(C)C,2.0,0.037735849,0.599541143,6.0,0.113207547,0.44855395,11.0,0.20754717,0.329282064,0.599541143,2.0,0.037735849,0.782608695652174
5751,47,COC1C=CC=C2C=1C(C1C(O)=C3C(OC4C3C=CO4)=CC=1O2)=O,325.072052,CMNPD22052,O(c(cccc1OC)c1C(=O)O)c2c(cc(cc2C=O)C)O,2.0,0.041666667,0.008115206,3.0,0.0625,0.014463043,7.0,0.145833333,0.068656693,0.068656693,7.0,0.145833333,0.6451612903225806
4219,28,O=C(C(NC/1=O)=C)NC1=C/C2=C(C(C)(C)C=C)NC3=CC=CC=C32,344.1372681,CNP0379614,O=C1C=C(C(=O)N2CC=3C=4C=CC=CC4NC3CC2)C=5C=CC=CC5N1,1.0,0.5,0.894302428,1.0,0.5,0.894302428,1.0,0.5,0.329844445,0.894302428,1.0,0.5,0.3333333333333333
11903,73,O=C1CC[C@@]2(C[C@@H](OC(/C(C)=CC)=O)[C@@]([C@@]3(C(O[C@H](C)[C@@]34C(O5)=O)=O)C([C@@]5(C)[C@H]6OC(C)=O)=O)(C)[C@]6(O4)C2=C)C(C)(C)O1,601.2318726,CNP0108177,O=C(OC1CC2(C(=C)C34OC56C(=O)OC(C(=O)C6(C(=O)OC5C)C13C)(C)C4OC(=O)C)CCC(=O)OC2(C)C)C(=CC)C,4.0,0.042553191,0.214822233,4.0,0.042553191,0.070841836,3.0,0.031914894,0.031347764,0.214822233,4.0,0.042553191,1.0
12416,79,CCCCC1C(OC)=CC(=O)OC=1CO,213.1111908,CMNPD16696,[C@@H]1(C)[C@H](O)CC(=C(C(O[C@H](C)C2)=O)[C@@]12[H])O,2.0,0.025,0.337581763,13.0,0.1625,0.350106346,28.0,0.35,0.425814941,0.425814941,28.0,0.35,0.631578947368421
14463,86,[C@]([H])12[C@@](C)(C)CCC[C@]1(C)[C@@H](CO)C(C)=CC2=O,237.1847382,CNP0134757,OCC(=C)C1CCC(O)(C)C2CC=C(C)C2C1,7.0,0.112903226,0.294096725,30.0,0.483870968,0.616227007,23.0,0.370967742,0.286036861,0.616227007,30.0,0.483870968,0.6363636363636364
11907,74,O=C1CC[C@@]2(C[C@@H](OC(/C(C)=CC)=O)[C@@]([C@@]3(C(O[C@H](C)[C@@]34C(O5)=O)=O)C([C@@]5(C)[C@H]6OC(C)=O)=O)(C)[C@]6(O4)C2=C)C(C)(C)O1,623.2106934,NPA007417,CCC/C=C/C=C/C=C/C(=O)O[C@H]1C2=CC(=O)C(C(=O)C2=CO[C@]13[C@@H](CC[C@@H](O3)C)OC(=O)CCC(=O)O)(C)OC(=O)C,0.0,0.0,0.0,0.0,0.0,0.0,1.0,0.2,0.00442028,0.00442028,1.0,0.2,0.47619047619047616
2693,12,[H][C@]12C3C(=CC(=C4C=3OC3C(=C(C=CC=3)O)C4=O)OC)O[C@@]1([H])OC=C2,347.0517883,CNP0045172,O=C(OCC1=CC=C(Cl)C=C1)C2=CN=C(N=C2C(F)(F)F)NN,1.0,0.125,0.937308967,1.0,0.125,0.819262207,0.0,0.0,0.0,0.937308967,1.0,0.125,0.625
6789,52,COC1C=C2C(C(C3C(O)=C4C(OC5C4CCO5)=CC=3C2=O)=O)=C(OC)C=1,369.0978088,CMNPD18702,c12c([C@](O)(CCC1=O)[C@]([H])(c(c3c(O)cc4)c45)[C@](O)([H])[C@@H](O)C3=O)c5ccc2O,2.0,0.041666667,0.82653591,3.0,0.0625,0.839921951,12.0,0.25,0.453917406,0.839921951,3.0,0.0625,0.6756756756756757
2183,9,[H][C@]12C3C(=CC(=C4C=3OC3C(=C(C=CC=3)O)C4=O)OC)O[C@@]1([H])OCC2,327.0848999,CNP0175513,O=C(OC)C1=COC2OC3(C(=CC)C(=O)OC43C=CC1C24)C,0.0,0.0,0.0,1.0,0.041666667,0.03391578,6.0,0.25,0.11565257,0.11565257,6.0,0.25,0.5142857142857142
4232,29,O=C(C(NC1=O)=C)N[C@H]1CC2=C(C(C)(C)C=C)NC3=CC=CC=C32,324.1708374,CMNPD22236,c1c2c(ccc1)[nH]c(C(C)(C)C=C)c2\C=C(/NC(C(N3)C)=O)\C3=O,1.0,0.041666667,0.017519761,3.0,0.125,0.025847774,6.0,0.25,0.122150305,0.122150305,6.0,0.25,0.40540540540540543
4744,36,COC(=O)C1=C(C(=O)C2=C(O)C=C(C(=O)O)C=C2O)C(O)=CC=C1,355.0410767,NPA008549,CC1=COC2=C(C(=O)C3=C(O2)C=CC=C3O)C(C1=O)(C(=O)OC)O,0.0,0.0,0.0,1.0,0.04,0.005963509,5.0,0.2,0.020876973,0.020876973,5.0,0.2,0.7
10374,67,CCCC(CC1OC(=O)C2C(=CC(=CC=2O)O)C1)O,267.1223145,CNP0156368,O=C1C=C2C(O)CC(OC(=O)C)C(C)C2(C=C1O)C,4.0,0.046511628,0.184699906,19.0,0.220930233,0.389905588,21.0,0.244186047,0.517545706,0.517545706,21.0,0.244186047,0.42857142857142855
7819,58,[H][C@]12C(C)(CCC[C@@]1(C3(C(COC3=O)=C[C@H]2OC(/C=C/C=C/C)=O)O)C)C,383.1839294,CNP0055611,N#CC1=CC=CC(=C1)CN2CC3C4=C(C=CC(=O)N4CC(C2)C3)C=5C=NC=CC5,1.0,0.04,0.573582053,2.0,0.08,0.310158108,3.0,0.12,0.159339231,0.573582053,1.0,0.04,0.4523809523809524
11910,74,O=C1CC[C@@]2(C[C@@H](OC(/C(C)=CC)=O)[C@@]([C@@]3(C(O[C@H](C)[C@@]34C(O5)=O)=O)C([C@@]5(C)[C@H]6OC(C)=O)=O)(C)[C@]6(O4)C2=C)C(C)(C)O1,623.2106934,CNP0092947,O=C(O)CC(=O)OC(C(N)N)C1OC(OC2=CC=C3C(OCC4C5=CC=C(OC)C(OCCO)=C5OC34)=C2)C(O)C(O)C1O,1.0,0.2,0.346562564,1.0,0.2,0.266155213,1.0,0.2,0.291961491,0.346562564,1.0,0.2,0.5
15497,91,COC1C([C@@H](OC(=O)C)CC(C)C)=CC=C2C=1C(OCC1C=C(C)C=C(O)C=1O2)=O,437.1555176,NPA032557,COC1=C(C(CC(C)C)OC(C)=O)C=CC2=C1C(=O)C1(O2)C(=O)C=C(C)C=C1CO,3.0,0.029126214,0.341605537,14.0,0.13592233,0.369319997,14.0,0.13592233,0.380481754,0.380481754,14.0,0.13592233,0.6842105263157895
12943,83,CCCC(C1C(OC)=CC(=O)OC=1C)O,213.1116333,CNP0086993,O=C(O)C=C(C=C(C)CC(C(=O)O)C)C,17.0,0.242857143,0.633309194,15.0,0.214285714,0.392700171,11.0,0.157142857,0.277331903,0.633309194,17.0,0.242857143,0.3181818181818182
9360,62,[H][C@@]12C(C)=CC(=O)[C@]1([H])/C(/C=O)=CC[C@@]([H])1C(CC[C@@]1(C(/C=C[C@@H](O)C(O)(C)C)C)[H])(C)C2,423.25177,CNP0231353,O=CC1(C)CCC2(C3=CC=C4C(=CC(=O)C(O)=C4C)C3(C)CCC2(C)C1CC(=O)C)C,3.0,0.6,0.253799702,2.0,0.4,0.248043738,0.0,0.0,0.0,0.253799702,3.0,0.6,0.4772727272727273
3219,17,[H][C@]12C(C)(CCC[C@@]1(C3(C(COC3O)=C[C@H]2OC(/C=C/C=C/C=O)=O)O)C)C,399.177887,CMNPD30383,[C@@H]([C@H](Cc1ccc(C\C=C(/C)\C)c(O)c1)C(=O)OC)(C(=O)O)c2ccc(O)cc2,9.0,0.225,0.12379636,9.0,0.225,0.108923334,14.0,0.35,0.210715686,0.210715686,14.0,0.35,0.43902439024390244
5779,47,COC1C=CC=C2C=1C(C1C(O)=C3C(OC4C3C=CO4)=CC=1O2)=O,325.072052,CNP0363021,OC12C3=CC=4OCOC4C=C3OC2C5=CC=6C=COC6C=C5OC1,2.0,0.041666667,0.56909746,2.0,0.041666667,0.82017459,4.0,0.083333333,0.488460707,0.82017459,2.0,0.041666667,0.6764705882352942
4757,36,COC(=O)C1=C(C(=O)C2=C(O)C=C(C(=O)O)C=C2O)C(O)=CC=C1,355.0410767,CNP0051536,O=C(OCC=1C=CC=CC1)C(C(F)(F)F)(C(F)(F)F)C(F)(F)F,1.0,0.04,0.77565825,1.0,0.04,0.952952743,0.0,0.0,0.0,0.952952743,1.0,0.04,0.5
9877,65,CCC[C@H](C[C@@H]1[C@@H](O)C2C(=C(C(=C(C=2)OC)OC)O)C(=O)O1)O,327.1458435,CNP0398388,OC1=CC=C(C=C1)C=CCOCC2OC(CO)C(O)C(O)C2O,6.0,0.064516129,0.155808598,21.0,0.225806452,0.488847869,7.0,0.075268817,0.039648132,0.488847869,21.0,0.225806452,0.45454545454545453
7331,55,C=CC(C1NC2C=CC=CC=2C=1/C=C1/C(=O)N2C(CCC2)C(=O)N/1)(C)C,372.1681213,NPA029374,CC(=O)C1=C2C(=CC(C(=O)NCCC3=CC=CC=C3)=N1)C1=CC=CC=C1N2C,1.0,0.25,0.828305304,1.0,0.25,0.548480511,1.0,0.25,0.304414481,0.828305304,1.0,0.25,0.30434782608695654
9891,65,CCC[C@H](C[C@@H]1[C@@H](O)C2C(=C(C(=C(C=2)OC)OC)O)C(=O)O1)O,327.1458435,CNP0000035,O=C(OC1C(=CC(=O)C(C)C1OC(=O)C)C2OC2C(O)(C)C)C,5.0,0.053763441,0.237905336,14.0,0.150537634,0.468629326,18.0,0.193548387,0.555341539,0.555341539,18.0,0.193548387,0.5483870967741935
3238,17,[H][C@]12C(C)(CCC[C@@]1(C3(C(COC3O)=C[C@H]2OC(/C=C/C=C/C=O)=O)O)C)C,399.177887,NPA014105,C[C@@]1(CC(=O)CC1(C)C)C2=CC=C(C=C2)C(=O)OCC[C@](C)(CC(=O)O)O,1.0,0.025,0.001979065,6.0,0.15,0.248193271,12.0,0.3,0.428301185,0.428301185,12.0,0.3,0.46153846153846156
13478,85,CC1(C)CCC[C@@]2(C)[C@@]1([H])[C@H](O)C=C(C)[C@]2(O)C=O,275.1616516,CNP0451541,ON(O)C1C=C(C(OC)=C([C-]1C)[NH+](O)O)C(C)(C)C,2.0,0.4,0.960726857,2.0,0.4,0.56375359,0.0,0.0,0.0,0.960726857,2.0,0.4,0.46153846153846156
1704,7,COC1C=CC=C2C=1C(C1C(O)=C3C(OC4C3CCO4)=CC=1O2)=O,327.0853577,CNP0310355,O=C1C=2C(O)=CC=C(O)C2OC3=C4C=CC(OC4=CC(O)=C13)(C)C,2.0,0.054054054,0.581955269,2.0,0.054054054,0.811375022,10.0,0.27027027,0.337394784,0.811375022,2.0,0.054054054,0.71875
3752,22,O=C1CC[C@@]2(C[C@@H](OC(/C(C)=CC)=O)[C@@]([C@@]3(C(O[C@H](C)[C@@]34C(O5)=O)=O)C([C@@]5(C)[C@H]6OC(C)=O)=C)(C)[C@]6(O4)C2=C)C(C)(C)O1,621.2280273,CNP0232090,O=C(OC1C=2C=C(OC)C(OC)=C(O)C2C3=C(OC)C=4OCOC4C=C3C(OC(=O)C(=CC)C)C(C)C1(O)C)C=5C=CC=CC5,1.0,0.166666667,0.050970688,3.0,0.5,0.375092875,2.0,0.333333333,0.33518653,0.375092875,3.0,0.5,0.515625
4266,29,O=C(C(NC1=O)=C)N[C@H]1CC2=C(C(C)(C)C=C)NC3=CC=CC=C32,324.1708374,CNP0006071,O=C(C=1C=CC=CC1)N2CC3(N4CCOCC4CN(C)C3)C2,1.0,0.041666667,0.308627129,3.0,0.125,0.14817711,5.0,0.208333333,0.037610143,0.308627129,1.0,0.041666667,0.59375
172,1,[H][C@]12C(C)(CCC[C@@]1(C3(C(COC3=O)=C[C@H]2OC(/C=C/C=C/C=O)=O)O)C)C,397.1611328,CNP0330727,O=C(NC=1C=CC=2C=CNC2C1)CCCCCN3C=NC=4C=CC=CC4C3=O,0.0,0.0,0.0,1.0,0.083333333,0.001167568,6.0,0.5,0.08953334,0.08953334,6.0,0.5,0.3953488372093023
3756,22,O=C1CC[C@@]2(C[C@@H](OC(/C(C)=CC)=O)[C@@]([C@@]3(C(O[C@H](C)[C@@]34C(O5)=O)=O)C([C@@]5(C)[C@H]6OC(C)=O)=C)(C)[C@]6(O4)C2=C)C(C)(C)O1,621.2280273,CNP0313432,O=C1C=2C=CC=C(O)C2NC=3C1=C(O)C=C4OC(C)(C)CC(C5=C(O)C=6C(=O)C=7C=CC=C(O)C7NC6C8=C5OC(C)(C)CC8)C43,1.0,0.166666667,0.887509286,2.0,0.333333333,0.456676139,2.0,0.333333333,0.239558785,0.887509286,1.0,0.166666667,0.5303030303030303
10414,68,CCCC(CC1OC(=O)C2C(=CC(=CC=2O)O)C1)O,289.1045532,NPA007398,CC1=CC(=CC(=C1CC2=C(C=C(C(=C2O)C=O)C)O)O)O,1.0,0.333333333,0.513321996,0.0,0.0,0.0,0.0,0.0,0.0,0.513321996,1.0,0.333333333,0.75
8367,60,C(O)[C@](O)1C(C=C[C@]([H])2[C@@](C)(C)CCC[C@]12C)=C,259.1669312,NPA006963,CCCC/C=C/C1=C(C=CC(=C1)C)/C=C/CC(=O)O,1.0,0.333333333,0.332601875,1.0,0.333333333,0.290972114,0.0,0.0,0.0,0.332601875,1.0,0.333333333,0.5416666666666666
11952,75,O=C1C=C[C@@]2(CC[C@@]([C@@]3(C(O[C@H](C)[C@@]3(O)C(O4)=O)=O)C([C@@]4(C)[C@H]5OC(C)=O)=C)(C)C5=C2C)C(C)(C)O1,501.2131653,CNP0080386,O=C(OC=1C=C2C(=CC1OC)CC(COC(=O)C)C(COC(=O)C)C2C3=CC=C(OC)C(OC)=C3)C,7.0,0.042682927,0.315394536,10.0,0.06097561,0.422855102,14.0,0.085365854,0.296419044,0.422855102,10.0,0.06097561,0.56
5297,43,O[C@H](C(C)(C)[C@@H]1CC/C(C)=C/CC/C(C)=C/CC2=C(O)C=C(C)OC2=O)CCC1=C,415.2817688,CNP0213213,O=CC1=CC=C(OC(=O)CCCCCCCC=CCC=CCCCCC)C(OC)=C1,14.0,0.29787234,0.26565133,17.0,0.361702128,0.272477361,12.0,0.255319149,0.042691694,0.272477361,17.0,0.361702128,0.24489795918367346
5811,48,COC1C=CC=C2C=1C(C1C(O)=C3C(OC4C3C=CO4)=CC=1O2)=O,347.0539551,CNP0414307,O=C1C=C(OC2=C1OC(=O)CC2C3=COC=4C=CC=CC4C3=O)C,0.0,0.0,0.0,0.0,0.0,0.0,2.0,0.117647059,0.006870011,0.006870011,2.0,0.117647059,0.71875
15540,91,COC1C([C@@H](OC(=O)C)CC(C)C)=CC=C2C=1C(OCC1C=C(C)C=C(O)C=1O2)=O,437.1555176,CNP0231272,O=C(OCC1C(OCC1C(OC(=O)C)C2=CC=C(OC)C=C2)C3=CC=C(O)C=C3)C,10.0,0.097087379,0.098134635,17.0,0.165048544,0.266284882,11.0,0.106796117,0.231438991,0.266284882,17.0,0.165048544,0.5609756097560976
5813,48,COC1C=CC=C2C=1C(C1C(O)=C3C(OC4C3C=CO4)=CC=1O2)=O,347.0539551,CNP0045172,O=C(OCC1=CC=C(Cl)C=C1)C2=CN=C(N=C2C(F)(F)F)NN,1.0,0.058823529,0.938417315,1.0,0.058823529,0.820230901,1.0,0.058823529,0.001225791,0.938417315,1.0,0.058823529,0.625
16568,96,O=C(C1=C(O2)C=C(C)C(OC)=C1C(OC)=O)C3=C2C=CC=C3O,315.0882263,CNP0361320,O=C1OC=2C(=CC=C(OCC(=O)O)C2C)C=3C=CC(OC)=CC13,0.0,0.0,0.0,1.0,0.066666667,0.011650645,6.0,0.4,0.053472206,0.053472206,6.0,0.4,0.6666666666666666
16570,96,O=C(C1=C(O2)C=C(C)C(OC)=C1C(OC)=O)C3=C2C=CC=C3O,315.0882263,CNP0216198,O=C(OC)C=1C(O)=CC2=CC=3C=C(O)CC(=O)C3C(O)=C2C1C,2.0,0.133333333,0.673548968,2.0,0.133333333,0.348771423,3.0,0.2,0.254829558,0.673548968,2.0,0.133333333,0.6666666666666666
3776,23,O=C([C@H](C)NC/1=O)NC1=C/C2=C(C(C)(C)C=C)NC3=CC(C/C=C(C)/C)=CC=C32,392.2313232,NPA020084,C[C@H]1C(=O)N/C(=C\C2=C(NC3=C2C=CC(=C3)CC=C(C)C)C(C)(C)C=C)/C(=O)N1,2.0,0.035714286,0.246301688,9.0,0.160714286,0.254919876,7.0,0.125,0.229036477,0.254919876,9.0,0.160714286,1.0
2248,10,[H][C@]12C3C(=CC(=C4C=3OC3C(=C(C=CC=3)O)C4=O)OC)O[C@@]1([H])OCC2,349.0665588,NPA017548,COC1=C(C(=C(C(=C1)C2=CC(=O)C(=N)C(=C2O)C(=O)O)O)C(=O)O)N,1.0,0.333333333,0.724584639,0.0,0.0,0.0,0.0,0.0,0.0,0.724584639,1.0,0.333333333,0.38461538461538464
7368,55,C=CC(C1NC2C=CC=CC=2C=1/C=C1/C(=O)N2C(CCC2)C(=O)N/1)(C)C,372.1681213,CNP0043486,O=C(C=1C=CC=CC1)N2CC3C4=CC=C(C=5C=NC=CC5)C(=O)N4CC(C2)C3,1.0,0.25,0.961616516,1.0,0.25,0.653080702,2.0,0.5,0.275029521,0.961616516,1.0,0.25,0.2978723404255319
17098,98,CC(C)CC1NC(=O)C2CCCN2C1=O,211.144516,CMNPD13210,[C@@H]1(C(C)CC)NC(=O)[C@@]([H])(N(CC2)C1=O)C2,2.0,0.111111111,0.382191002,6.0,0.333333333,0.439150222,6.0,0.333333333,0.351259846,0.439150222,6.0,0.333333333,0.8823529411764706
7885,58,[H][C@]12C(C)(CCC[C@@]1(C3(C(COC3=O)=C[C@H]2OC(/C=C/C=C/C)=O)O)C)C,383.1839294,CNP0316376,O=C(O)C12CCCC(C(=O)OC)(C)C2CCC3C(C=4C=COC4CC31)C,0.0,0.0,0.0,1.0,0.04,0.008288953,9.0,0.36,0.058174304,0.058174304,9.0,0.36,0.5
14541,87,[C@]([H])12[C@@](C)(C)CCC[C@]1(C)[C@@H](CO)C(C)=CC2=O,259.1661377,CMNPD10489,c1(c(ccc(C)c1)C(CC(O)CC(C)C)C)O,1.0,0.25,0.00086974,1.0,0.25,0.000913227,1.0,0.25,0.000892399,0.000913227,1.0,0.25,0.5217391304347826
5842,49,COC1C(O)=CC(C)=CC=1OC1=CC(=CC(=C1O)O)C,277.1073608,CMNPD17597,c1c(c(cc(COC)c1O)O)Cc2c(O)ccc(O)c2,7.0,0.162790698,0.214322437,4.0,0.093023256,0.573826562,14.0,0.325581395,0.23800885,0.573826562,4.0,0.093023256,0.75
17109,98,CC(C)CC1NC(=O)C2CCCN2C1=O,211.144516,CNP0003763,O=C1N(C)C2CN(CC2OC1)CC3CC3,1.0,0.055555556,0.25232321,3.0,0.166666667,0.266809965,7.0,0.388888889,0.293231311,0.293231311,7.0,0.388888889,0.65
12502,79,CCCCC1C(OC)=CC(=O)OC=1CO,213.1111908,CNP0312582,O=C1OC(C(=O)OC)(C)C(C)CC1=CC,10.0,0.125,0.622737583,18.0,0.225,0.667508739,19.0,0.2375,0.392955854,0.667508739,18.0,0.225,0.5789473684210527
219,1,[H][C@]12C(C)(CCC[C@@]1(C3(C(COC3=O)=C[C@H]2OC(/C=C/C=C/C=O)=O)O)C)C,397.1611328,CNP0381194,O=C1N2C(SCC2C(=O)N(C1)CC=3C=CC=CC3OC)CCC=4C=CC=CC4,1.0,0.083333333,0.376797467,1.0,0.083333333,0.156742692,1.0,0.083333333,0.122981623,0.376797467,1.0,0.083333333,0.3953488372093023
11999,75,O=C1C=C[C@@]2(CC[C@@]([C@@]3(C(O[C@H](C)[C@@]3(O)C(O4)=O)=O)C([C@@]4(C)[C@H]5OC(C)=O)=C)(C)C5=C2C)C(C)(C)O1,501.2131653,CNP0308593,O=C(OC1C(O)C2C3(C(=O)C(OC)=CC(C)C3CC4OC(=O)CC(C1(OC(=O)C)C)C42C)C)C,2.0,0.012195122,0.005292097,13.0,0.079268293,0.039908835,23.0,0.140243902,0.144711108,0.144711108,23.0,0.140243902,0.5714285714285714
2274,10,[H][C@]12C3C(=CC(=C4C=3OC3C(=C(C=CC=3)O)C4=O)OC)O[C@@]1([H])OCC2,349.0665588,CNP0022470,O=C(OC)C=1C=2C=C(OCC3=CC=C(F)C=C3Cl)C=CC2OC1C,1.0,0.333333333,0.769164383,1.0,0.333333333,0.43623659,1.0,0.333333333,0.266693771,0.769164383,1.0,0.333333333,0.6875
9443,62,[H][C@@]12C(C)=CC(=O)[C@]1([H])/C(/C=O)=CC[C@@]([H])1C(CC[C@@]1(C(/C=C[C@@H](O)C(O)(C)C)C)[H])(C)C2,423.25177,CNP0387735,O=C1C=2C=NC3=CC=NN3C2C=CN1CCC(=O)N(C)CC4CCCN5CCCCC54,1.0,0.2,0.917191982,2.0,0.4,0.416986756,1.0,0.2,0.376820296,0.917191982,1.0,0.2,0.3469387755102041
2788,13,[H][C@]12C3C(=CC(=C4C=3OC3C(=C(C=CC=3OC)O)C4=O)OC)O[C@@]1([H])OC=C2,355.0809326,CNP0238252,O=C1C2=C(O)C(OC)=C3OC=CC3=C2OC(C4=CC=C5OCOC5=C4)C1,2.0,0.133333333,0.822196871,2.0,0.133333333,0.822196871,8.0,0.533333333,0.395175089,0.822196871,2.0,0.133333333,0.7142857142857143
10469,68,CCCC(CC1OC(=O)C2C(=CC(=CC=2O)O)C1)O,289.1045532,NPA019687,C[C@]12CC=C[C@]3(C1[C@@H]([C@@H]4[C@]5(C3=CC(=O)OC5)O4)OC2=O)C,1.0,0.333333333,0.8703264,1.0,0.333333333,0.653837621,1.0,0.333333333,0.368724823,0.8703264,1.0,0.333333333,0.6071428571428571
4327,30,O=C(C(NC1=O)=C)N[C@H]1CC2=C(C(C)(C)C=C)NC3=CC=CC=C32,346.1528625,CMNPD22071,c12c(cccc1)c(\C=C(/NC(c3n4ccc3)=O)\C4=O)c(C(C)(C)C=C)[nH]2,1.0,0.166666667,0.731506169,1.0,0.166666667,0.374033153,1.0,0.166666667,0.266254574,0.731506169,1.0,0.166666667,0.375
4841,37,O=C(CO)C1=CNC2=CC=CC=C21,176.0708618,CNP0254547,O=CC1=CN(OC)C=2C=CC=CC12,1.0,0.090909091,0.039900184,1.0,0.090909091,0.0325903,9.0,0.818181818,0.387456259,0.387456259,9.0,0.818181818,0.75
1265,5,COC1C=C(O)C=C2C=1C(C1C(O)=C3C(OC4(OC3CCC4)C)=CC=1C2=O)=O,383.1125488,CNP0254441,O=C1C(=COC2=CC(O)=C(C(O)=C12)CC=C(C)C)C=3C=C4OCOC4=CC3O,1.0,0.058823529,0.214611501,2.0,0.117647059,0.657799825,7.0,0.411764706,0.368775878,0.657799825,2.0,0.117647059,0.6153846153846154
4853,37,O=C(CO)C1=CNC2=CC=CC=C21,176.0708618,CNP0114590,OC1=CN=C2C=CC=CC2=C1CO,1.0,0.090909091,0.080599122,2.0,0.181818182,0.690215133,7.0,0.636363636,0.489984754,0.690215133,2.0,0.181818182,0.75
16117,93,C(C1C(OC2C=CC([C@@H](CC(C)C)O)=C(OC)C=2C(OC)=O)=C(O)C=C(C)C=1)=O,425.1568604,CNP0250982,O=C(OC=1C=CC2=C(OC(=O)C3=C2CCCC3)C1C)C4=CC(OC)=C(OC)C(OC)=C4,1.0,0.25,0.907752752,2.0,0.5,0.426058669,1.0,0.25,0.369784176,0.907752752,1.0,0.25,0.6410256410256411
5371,44,O[C@H](C(C)(C)[C@@H]1CC/C(C)=C/CC/C(C)=C/CC2=C(O)C=C(C)OC2=O)CCC1=C,437.2642212,CMNPD12607,C(CCCCC\C=C\C=C\c1ccccc1)C(C[C@]2(OO[C@](C)(CC(=O)O)C2)C)C,1.0,0.2,0.002625807,0.0,0.0,0.0,0.0,0.0,0.0,0.002625807,1.0,0.2,0.24
4862,38,O=C(CO)C1=CNC2=CC=CC=C21,198.0523376,NPA007537,CC(=O)N(CCCP(=O)(O)O)O,1.0,1.0,0.747341871,1.0,1.0,0.488834351,0.0,0.0,0.0,0.747341871,1.0,1.0,0.5625
15614,92,COC1C([C@H](CC(C)C)O)=CC=C2C=1C(OC1C=C(C)C=C(CO)C=1O2)=O,395.1473999,CMNPD15694,c1(cccc(NC=O)c1O)C(N[C@H]2[C@@H](C)OC(=O)[C@H](C)[C@@H](O)[C@H](C)OC2=O)=O,1.0,0.333333333,0.879463553,0.0,0.0,0.0,0.0,0.0,0.0,0.879463553,1.0,0.333333333,0.6571428571428571
9472,63,CCC[C@@H]1O[C@](C)2[C@@](OC(C3C2=CC(OC)=C(OC)C=3O)=O)(C)C1,309.1341248,CMNPD21998,c12c([C@H]([C@]3([H])[C@]([H])(C[C@@H](O)[C@](O)(C)C3)C1=O)O)cc(OC)cc2O,2.0,0.021276596,0.179813899,15.0,0.159574468,0.552315996,17.0,0.180851064,0.383317708,0.552315996,15.0,0.159574468,0.7241379310344828
9984,66,CCC[C@H](C[C@@H]1[C@@H](O)C2C(=C(C(=C(C=2)OC)OC)O)C(=O)O1)O,349.1261292,CMNPD16660,[C@H]1(CC(C(=O)OC2=O)=C2C[C@H](CC)[C@H](O)C(C(=O)OC3=O)=C13)CCC,1.0,0.25,0.725108504,1.0,0.25,0.419167459,0.0,0.0,0.0,0.725108504,1.0,0.25,0.6451612903225806
17153,99,CC(C)CC1NC(=O)C2CCCN2C1=O,233.1257172,CNP0196711,O=C(O)CNC(C(=O)O)CCCNC(=N)N,2.0,0.666666667,0.743917705,2.0,0.666666667,0.31715233,0.0,0.0,0.0,0.743917705,2.0,0.666666667,0.631578947368421
7427,56,C=CC(C1NC2C=CC=CC=2C=1/C=C1/C(=O)N2C(CCC2)(O)C(=O)N/1)(C)C,388.1633911,NPA029375,CC(=O)C1=C2C(=CC(C(=O)NC[C@H](O)C3=CC=CC=C3)=N1)C1=CC=CC=C1N2C,2.0,0.5,0.929856658,2.0,0.5,0.613703728,2.0,0.5,0.349722289,0.929856658,2.0,0.5,0.2916666666666667
3845,23,O=C([C@H](C)NC/1=O)NC1=C/C2=C(C(C)(C)C=C)NC3=CC(C/C=C(C)/C)=CC=C32,392.2313232,CNP0326599,OCC1C(O)CC(NCCC(C)C)C1CC2=NC(=NC=C2)C=3C=CC=CC3,1.0,0.017857143,0.020463662,4.0,0.071428571,0.045700349,10.0,0.178571429,0.06490428,0.06490428,10.0,0.178571429,0.3333333333333333
262,2,O=C([C@]([H])(C)NC/1=O)NC1=C/C2=C(C(C)(C)C=C)NC3=CC=CC=C32,324.1702271,CMNPD23535,CC(C=C)(c1c(C[C@@H]2NC(=O)C(=C)NC2=O)c3c(cccc3)[nH]1)C,1.0,0.015873016,0.07536263,11.0,0.174603175,0.08452186,14.0,0.222222222,0.17366878,0.17366878,14.0,0.222222222,0.40540540540540543
17161,100,CC(C=C)(C)C12C3=C(NC1N(C(C(C=CC=C4)=C4N5)=O)C(C5=O)C2)C=CC=C3,374.1877441,CMNPD26064,c1cc(c(C[C@@H]2C(=O)Nc(cccc3)c3C(=O)N2)cn4C\C=C(/C)\C)c4cc1,2.0,0.04,0.248618703,10.0,0.2,0.323711495,15.0,0.3,0.203532666,0.323711495,10.0,0.2,0.75
17169,100,CC(C=C)(C)C12C3=C(NC1N(C(C(C=CC=C4)=C4N5)=O)C(C5=O)C2)C=CC=C3,374.1877441,CNP0391939,O=C(N1CCC=2C=3C=CC=CC3NC2C41C(=O)N(C=5C=CC=CC54)C)C(C)C,2.0,0.04,0.068990416,2.0,0.04,0.047963229,17.0,0.34,0.152283416,0.152283416,17.0,0.34,0.6410256410256411
13079,84,CCCC(C1C(OC)=CC(=O)OC=1C)O,235.0926056,CNP0084919,O=C(O)CCC(NCC(N)C(=O)O)C(=O)O,1.0,0.333333333,0.515838444,1.0,0.333333333,0.338836879,0.0,0.0,0.0,0.515838444,1.0,0.333333333,0.5789473684210527
1819,8,COC1C=CC=C2C=1C(C1C(O)=C3C(OC4C3CCO4)=CC=1O2)=O,349.0671082,NPA017548,COC1=C(C(=C(C(=C1)C2=CC(=O)C(=N)C(=C2O)C(=O)O)O)C(=O)O)N,1.0,0.5,0.725457907,0.0,0.0,0.0,0.0,0.0,0.0,0.725457907,1.0,0.5,0.38461538461538464
3868,24,O=C([C@H](C)NC/1=O)NC1=C/C2=C(C(C)(C)C=C)NC3=CC(C/C=C(C)/C)=CC=C32,414.2135315,CNP0083745,O=C(NC1COC2C1OCC2NC3=NC=CC(=N3)C=4C=CC(=CC4)N(C)C)COC,1.0,0.2,0.785104036,1.0,0.2,0.315722644,0.0,0.0,0.0,0.785104036,1.0,0.2,0.30612244897959184
8989,61,[H][C@@]12C(C)=CC(=O)[C@]1([H])/C(/C=O)=CC[C@@]([H])1C(CC[C@@]1(C(/C=C[C@@H](O)C(O)(C)C)C)[H])(C)C2,401.2707214,CMNPD29605,c1(CC\C=C(/C)\CC\C=C(/C)\CC\C=C(/CO[C@H]([C@@H](C)C(O)=O)C2)\C2)cocc1,18.0,0.113924051,0.214145429,21.0,0.132911392,0.150413625,28.0,0.17721519,0.242912856,0.242912856,28.0,0.17721519,0.4186046511627907
9503,63,CCC[C@@H]1O[C@](C)2[C@@](OC(C3C2=CC(OC)=C(OC)C=3O)=O)(C)C1,309.1341248,NPA008699,C1[C@H](OC(=O)C2=C(C=C(C=C21)O)O)CCCCCCC(=O)O,7.0,0.074468085,0.228581095,23.0,0.244680851,0.51039755,16.0,0.170212766,0.358186727,0.51039755,23.0,0.244680851,0.6333333333333333
11551,71,O=C1C=C[C@@]2(CC[C@@]([C@@]3(C(O[C@H](C)[C@@]34C(O5)=O)=O)C([C@@]5(C)[C@H]6O)=C)(C)[C@]6(O4)C2=C)C(C)(C)O1,457.1876831,NPA006589,C[C@H]1C23[C@@]4([C@@]5(C[C@]6(C7=CC(=O)OC(C7=CC[C@@]6(C2(C58CO8)C(=O)O1)C)(C)C)[C@](O4)(O3)C)C)O,2.0,0.009661836,0.700456008,11.0,0.053140097,0.36151801,16.0,0.077294686,0.237108463,0.700456008,2.0,0.009661836,0.6595744680851063
9002,61,[H][C@@]12C(C)=CC(=O)[C@]1([H])/C(/C=O)=CC[C@@]([H])1C(CC[C@@]1(C(/C=C[C@@H](O)C(O)(C)C)C)[H])(C)C2,401.2707214,CMNPD6909,C1(C)(CC\C=C(/C)\C(O)=O)OC1CC\C(=C\CC\C(=C\CCc2ccoc2)\C)\C,23.0,0.14556962,0.266146841,24.0,0.151898734,0.509232432,23.0,0.14556962,0.207307639,0.509232432,24.0,0.151898734,0.4878048780487805
4908,40,O=C(O)C1=CNC2=CC=CC=C21,184.0383911,NPA017051,C1=CC2=C(C=C1O)NC=C2C=O,0.0,0.0,0.0,0.0,0.0,0.0,3.0,0.375,0.025458965,0.025458965,3.0,0.375,0.8571428571428571
1844,8,COC1C=CC=C2C=1C(C1C(O)=C3C(OC4C3CCO4)=CC=1O2)=O,349.0671082,CNP0022470,O=C(OC)C=1C=2C=C(OCC3=CC=C(F)C=C3Cl)C=CC2OC1C,1.0,0.5,0.770091355,1.0,0.5,0.436762333,1.0,0.5,0.267015189,0.770091355,1.0,0.5,0.6875
3892,24,O=C([C@H](C)NC/1=O)NC1=C/C2=C(C(C)(C)C=C)NC3=CC(C/C=C(C)/C)=CC=C32,414.2135315,CNP0050707,O=C(NC1COC2C1OCC2N3N=NN=C3C=4C=CC=C(OC)C4)C5CCCCC5,1.0,0.2,0.917771041,1.0,0.2,0.504237533,1.0,0.2,0.308077693,0.917771041,1.0,0.2,0.3
12596,80,CCCCC1C(OC)=CC(=O)OC=1CO,235.0920563,CNP0084919,O=C(O)CCC(NCC(N)C(=O)O)C(=O)O,1.0,0.5,0.515787661,1.0,0.5,0.3388035,0.0,0.0,0.0,0.515787661,1.0,0.5,0.5789473684210527
4921,40,O=C(O)C1=CNC2=CC=CC=C21,184.0383911,CNP0441214,O=C(Cl)C(C)(C)CO[NH+]([O-])O,1.0,0.125,0.825084448,1.0,0.125,0.574696064,0.0,0.0,0.0,0.825084448,1.0,0.125,0.5333333333333333
12603,80,CCCCC1C(OC)=CC(=O)OC=1CO,235.0920563,CNP0329877,OC(=NCCC1=CNC=2C=CC=CC21)SC,1.0,0.5,0.827934027,1.0,0.5,0.630724669,0.0,0.0,0.0,0.827934027,1.0,0.5,0.6
13123,84,CCCC(C1C(OC)=CC(=O)OC=1C)O,235.0926056,CNP0329877,OC(=NCCC1=CNC=2C=CC=CC21)SC,1.0,0.333333333,0.828015566,1.0,0.333333333,0.630786777,0.0,0.0,0.0,0.828015566,1.0,0.333333333,0.6
4420,30,O=C(C(NC1=O)=C)N[C@H]1CC2=C(C(C)(C)C=C)NC3=CC=CC=C32,346.1528625,CNP0374087,O=C1N(C(=O)C2(C=3NC=4C=CC=CC4C3CCN12)C)CC=5C=CC=CC5,1.0,0.166666667,0.963610113,1.0,0.166666667,0.48800528,1.0,0.166666667,0.441965193,0.963610113,1.0,0.166666667,0.6470588235294118
12102,76,O=C1C=C[C@@]2(CC[C@@]([C@@]3(C(O[C@H](C)[C@@]3(O)C(O4)=O)=O)C([C@@]4(C)[C@H]5OC(C)=O)=C)(C)C5=C2C)C(C)(C)O1,523.194519,CNP0339596,O=C(OC1(C(=O)OC(=C)C1=O)C23OC(C(=CC)C)C(O2)(C)C4C=CC5CC(C(=O)O)CCC5C43C)C,1.0,0.052631579,0.000959743,4.0,0.210526316,0.014848753,2.0,0.105263158,0.010517712,0.014848753,4.0,0.210526316,0.5686274509803921
11083,70,CC(C)[C@H]1[C@@H](O)C2C(=C3C(=CC=2)C[C@@H](C)OC3=O)O1,285.1089783,CMNPD16142,[C@@H]1(O[C@@H](N2C=C(C(=O)NC2=O)C)C[C@@H]1O)COC(=O)C,2.0,0.5,0.568274329,2.0,0.5,0.369013194,1.0,0.25,0.005471801,0.568274329,2.0,0.5,0.68
8526,60,C(O)[C@](O)1C(C=C[C@]([H])2[C@@](C)(C)CCC[C@]12C)=C,259.1669312,CNP0437937,O=C1N(O)C(C(=O)[NH+]([O-])C1CC(C)C)CC(C)C,1.0,0.333333333,0.890775383,1.0,0.333333333,0.467518628,0.0,0.0,0.0,0.890775383,1.0,0.333333333,0.5652173913043478
335,2,O=C([C@]([H])(C)NC/1=O)NC1=C/C2=C(C(C)(C)C=C)NC3=CC=CC=C32,324.1702271,CNP0267559,O=C1NC(CO)CC2=CNC3=CC=CC(=C32)N(C)C1C(C)C,0.0,0.0,0.0,0.0,0.0,0.0,5.0,0.079365079,0.307524959,0.307524959,5.0,0.079365079,0.35135135135135137
2899,13,[H][C@]12C3C(=CC(=C4C=3OC3C(=C(C=CC=3OC)O)C4=O)OC)O[C@@]1([H])OC=C2,355.0809326,CNP0143736,O=CC1=C(OC2=CC=3OCOC3C=C21)C=4C=CC(OC(=O)C)=CC4OC,1.0,0.066666667,0.421033651,3.0,0.2,0.044252549,7.0,0.466666667,0.478773526,0.478773526,7.0,0.466666667,0.6388888888888888
1367,6,COC1C=C(O)C=C2C=1C(C1C(O)=C3C(OC4(OC3CCC4)C)=CC=1C2=O)=O,405.0939636,CMNPD19677,c12c(c3c(c(c1)CO)C(C=C([C@@]4(O[C@@H]4C=C)C)O3)=O)C(=O)c(c(O)ccc5)c5C2=O,1.0,0.333333333,0.603663445,1.0,0.333333333,0.337002695,1.0,0.333333333,0.225360736,0.603663445,1.0,0.333333333,0.7368421052631579
3928,25,O=C([C@H](C)NC/1=O)NC1=C/C2=C(C(C)(C)C=C)NC3=C(C/C=C(C)/C)C=CC=C32,392.2315979,NPA020084,C[C@H]1C(=O)N/C(=C\C2=C(NC3=C2C=CC(=C3)CC=C(C)C)C(C)(C)C=C)/C(=O)N1,2.0,0.031746032,0.316121936,10.0,0.158730159,0.293784556,9.0,0.142857143,0.253622199,0.316121936,2.0,0.031746032,0.7222222222222222
5464,44,O[C@H](C(C)(C)[C@@H]1CC/C(C)=C/CC/C(C)=C/CC2=C(O)C=C(C)OC2=O)CCC1=C,437.2642212,CNP0385069,O=C(N1CCCC2=CC3CC(CN4CCCCC43)C21)CCC5=NN=C6C=CC(=NN65)OC,1.0,0.2,0.206987187,1.0,0.2,0.15095447,1.0,0.2,0.076871946,0.206987187,1.0,0.2,0.3333333333333333
4444,31,O=C1C2=C(O)C=C(C)C3=C2C(C4=C1C(OC)=CC(O)=C4)=CC5(NC(/C(NC5=O)=C/C6=C(C(C)(C)C=C)NC7=C6C=CC=C7)=O)O3,604.2075806,CNP0404149,O=C1C=C(OC=2C1=C(O)C=C(O)C2C(C3=CC=4C=C(OC)C=CC4NC3=O)CC(=O)N5CCN(C)CC5)C=6C=CC=CC6,0.0,0.0,0.0,0.0,0.0,0.0,1.0,0.022727273,0.007795929,0.007795929,1.0,0.022727273,0.4142857142857143
4448,31,O=C1C2=C(O)C=C(C)C3=C2C(C4=C1C(OC)=CC(O)=C4)=CC5(NC(/C(NC5=O)=C/C6=C(C(C)(C)C=C)NC7=C6C=CC=C7)=O)O3,604.2075806,CNP0316839,N#CC(OC1OC(COC2OC(COC(=O)C=CC3=CC=C(O)C=C3)C(O)C(O)C2O)C(O)C(O)C1O)C=4C=CC=CC4,1.0,0.022727273,0.63273555,1.0,0.022727273,0.499805629,4.0,0.090909091,0.340151086,0.63273555,1.0,0.022727273,0.49230769230769234
12139,76,O=C1C=C[C@@]2(CC[C@@]([C@@]3(C(O[C@H](C)[C@@]3(O)C(O4)=O)=O)C([C@@]4(C)[C@H]5OC(C)=O)=C)(C)C5=C2C)C(C)(C)O1,523.194519,CNP0390005,O=C(NCC1=CC=C2OCOC2=C1)C(NC(=O)C3N4C(=O)C=5C=CC=CC5C4C=6NC=7C=CC=CC7C6C3)C,1.0,0.052631579,0.713214636,1.0,0.052631579,0.350822479,1.0,0.052631579,0.320623994,0.713214636,1.0,0.052631579,0.46551724137931033
2925,14,[H][C@]12C3C(=CC(=C4C=3OC3C(=C(C=CC=3OC)O)C4=O)OC)O[C@@]1([H])OC=C2,377.0646362,NPA018865,CC1=CC(=C(C(=C1)C(=O)O)C2=C(C3=C(C(=CC=C3)O)C(=O)C2=O)O)OC,0.0,0.0,0.0,2.0,0.333333333,0.021622714,2.0,0.333333333,0.012469216,0.021622714,2.0,0.333333333,0.6571428571428571
7028,52,COC1C=C2C(C(C3C(O)=C4C(OC5C4CCO5)=CC=3C2=O)=O)=C(OC)C=1,369.0978088,CNP0379845,O=C(OC)C1=CC=C(C=C1)C=C2OC3=CC(OCC(=O)OC)=CC=C3C2=O,2.0,0.041666667,0.424236806,14.0,0.291666667,0.487438131,12.0,0.25,0.246486666,0.487438131,14.0,0.291666667,0.3333333333333333
373,3,O=C([C@]([H])(C)NC/1=O)NC1=C/C2=C(C(C)(C)C=C)NC3=CC=CC=C32,346.1505432,CNP0077052,FC(F)(F)C1=CC=C(C=C1)CN2CCC(C3=NC=4C=CC=CC4N3)C2,1.0,0.142857143,0.830594003,1.0,0.142857143,0.596426725,1.0,0.142857143,0.352395564,0.830594003,1.0,0.142857143,0.3170731707317073
8057,59,[H][C@]12C(C)(CCC[C@@]1(C3(C(COC3=O)=C[C@H]2OC(/C=C/C=C/CC(C)O)=O)O)C)C,427.2095947,CNP0090457,OC1C2=CC(OC)=CC=C2OCC1C3COC4=CC=C(OC5CCCCC5)C=C4C3O,4.0,0.307692308,0.437703698,6.0,0.461538462,0.370068809,2.0,0.153846154,0.141056724,0.437703698,4.0,0.307692308,0.375
4475,32,OC1=CC(O)=C(C2=O)C(CC(O[C@H](CCCCC2)C)=O)=C1,293.1387329,NPA010039,CC(C)C/C(=C(\C1=CC=C(C=C1)O)/C(=O)OC)/C(=O)OC,12.0,0.169014085,0.201626452,21.0,0.295774648,0.324776058,25.0,0.352112676,0.372737647,0.372737647,25.0,0.352112676,0.3870967741935484
10619,69,CC(C)[C@H]1[C@@H](O)C2C(=C3C(=CC=2)C[C@@H](C)OC3=O)O1,263.1282349,CMNPD27675,OC(=O)\C=C\C(\C)=C\C=C\C(\C)=C\C(=C\C(O)=O)\C,19.0,0.358490566,0.317368035,19.0,0.358490566,0.341547344,16.0,0.301886792,0.217554201,0.341547344,19.0,0.358490566,0.08333333333333333
12668,81,CCC(CC1C(OC)=CC(=O)OC=1C)O,213.112381,CNP0096328,O=C1OCC2C(=CCC2C1(C)CO)CO,9.0,0.132352941,0.435443837,17.0,0.25,0.432048024,24.0,0.352941176,0.471421859,0.471421859,24.0,0.352941176,0.631578947368421
388,3,O=C([C@]([H])(C)NC/1=O)NC1=C/C2=C(C(C)(C)C=C)NC3=CC=CC=C32,346.1505432,CNP0446630,O=C(O)C1=CC=C(C=C1)NN=C2C(=O)N(N=C2C)CN3CCOCC3,1.0,0.142857143,0.955577254,1.0,0.142857143,0.51750344,1.0,0.142857143,0.370093077,0.955577254,1.0,0.142857143,0.4722222222222222
16260,94,COC(=O)C12OC3C(C(=O)C1=C(O)CC(C)C2O)=C(O)C(C1C=CC2OC4(C(O)C(C)CC(O)=C4C(=O)C=2C=1O)C(=O)OC)=CC=3,639.1755371,CMNPD23469,c12c(OC(C(OC)=O)([C@H]3OC(=O)C[C@@H]3C)CC1=O)c(c4ccc(O)c(C(=O)C([C@@H]5OC(=O)C[C@@H]5C)C(C(OC)=O)O6)c46)ccc2O,6.0,0.162162162,0.411998062,7.0,0.189189189,0.337673936,5.0,0.135135135,0.306434411,0.411998062,6.0,0.162162162,0.7
4998,41,C[C@H](/C=C/[C@H](C)C(C)C)[C@@]1([H])CC[C@@]2([H])[C@@]34C=C[C@@]5(OO4)C[C@@H](O)CC[C@]5(C)[C@@]3([H])CC[C@@]21C,429.3345947,CNP0088291,O=C(O)CC(CCCCCC=CC(O)CCCCC)CC1(C=2C=CC=CC2)CCCC1,20.0,0.11299435,0.368014022,30.0,0.169491525,0.450901028,29.0,0.163841808,0.325946768,0.450901028,30.0,0.169491525,0.5227272727272727
12167,77,CCCCC1C(OC)=CC(=O)OC=1C,197.1167603,CMNPD29100,C1=C(CC[C@@H](O)CC)OC(=O)C(C)=C1,6.0,0.089552239,0.442111316,24.0,0.358208955,0.597940966,21.0,0.313432836,0.425225858,0.597940966,24.0,0.358208955,0.75
5512,45,CC(O[C@H](C(C)(C)[C@@H]1CC/C(C)=C/CC/C(C)=C/CC2=C(O)C=C(C)OC2=O)CCC1=C)=O,457.293396,NPA032630,C=C1CC[C@H]2[C@@](C)(CC[C@H]3C(C)(C)[C@@H](OC(C)=O)CC[C@]23C)[C@@H]1CC1=C(O)C=C(C)OC1=O,4.0,0.081632653,0.170888914,13.0,0.265306122,0.282666969,12.0,0.244897959,0.164459288,0.282666969,13.0,0.265306122,0.32075471698113206
8073,59,[H][C@]12C(C)(CCC[C@@]1(C3(C(COC3=O)=C[C@H]2OC(/C=C/C=C/CC(C)O)=O)O)C)C,427.2095947,CNP0425437,O=C1OC2=CC=CC(=C2C(O)=C1CC34C(=C(C(=O)C3(O)C(O)C(C)C)C)CCC4C)C,2.0,0.153846154,0.250595066,3.0,0.230769231,0.119687026,6.0,0.461538462,0.342724087,0.342724087,6.0,0.461538462,0.4772727272727273
16773,97,O=C(C1=C(O2)C=C(C)C(OC)=C1C(OC)=O)C3=C2C=CC=C3O,337.0690308,CMNPD28550,c1cc(C(O)=C2C(=C(O)c3c(c(O)cc(C)c3)C2=O)C4=O)c4c(O)c1,1.0,0.333333333,0.725230753,1.0,0.333333333,0.725230753,0.0,0.0,0.0,0.725230753,1.0,0.333333333,0.65625
7566,57,[H][C@]12C(C)(CCC[C@@]1(C3(C(COC3=O)=C[C@H]2OC(/C=C/C=C/C(OC)OC)=O)O)C)C,443.2061462,NPA010461,CC1=CC(=C(C(=C1)C(=O)C2=C(C=CC(=C2C=O)O)CC=C(C)C)O)OCC(C(C)(C)O)O,3.0,0.2,0.216355273,5.0,0.333333333,0.182244547,5.0,0.333333333,0.258748829,0.258748829,5.0,0.333333333,0.41304347826086957
5520,45,CC(O[C@H](C(C)(C)[C@@H]1CC/C(C)=C/CC/C(C)=C/CC2=C(O)C=C(C)OC2=O)CCC1=C)=O,457.293396,NPA007035,CC1=CC(=C(C(=O)O1)C/C=C(\C)/CC/C=C(\C)/CC[C@@H]2C(=C)CC[C@@H](C2(C)C)OC(=O)C)O,18.0,0.367346939,0.250323474,17.0,0.346938776,0.235419251,17.0,0.346938776,0.201568589,0.250323474,18.0,0.367346939,1.0
10129,66,CCC[C@H](C[C@@H]1[C@@H](O)C2C(=C(C(=C(C=2)OC)OC)O)C(=O)O1)O,349.1261292,CNP0289719,O=C1OC=2C=C3C(=CC2C(=C1)C=4OC=5C=CC(F)=CC5C4C)CCCC3,1.0,0.25,0.919111431,1.0,0.25,0.557684541,1.0,0.25,0.235558897,0.919111431,1.0,0.25,0.6875
2964,14,[H][C@]12C3C(=CC(=C4C=3OC3C(=C(C=CC=3OC)O)C4=O)OC)O[C@@]1([H])OC=C2,377.0646362,CNP0377649,O=C(OC1=CC=C2C(OC(=CC=3OC=CC3)C2=O)=C1)C4=CC=C5OCOC5=C4,1.0,0.166666667,0.928806305,2.0,0.333333333,0.536735281,2.0,0.333333333,0.294544823,0.928806305,1.0,0.166666667,0.631578947368421
12695,81,CCC(CC1C(OC)=CC(=O)OC=1C)O,213.112381,CNP0312582,O=C1OC(C(=O)OC)(C)C(C)CC1=CC,11.0,0.161764706,0.714413537,18.0,0.264705882,0.611023902,19.0,0.279411765,0.237507072,0.714413537,11.0,0.161764706,0.5789473684210527
17308,101,CC(C=C)(C)C12C3=C(NC1N(C(C(C=CC=C4)=C4N5)=O)C(C5=O)C2)C=CC=C3,396.1694641,CNP0014630,O=C(NCC1OC(CC2=NOC(=C2)C=3N=CC=CC3)CCC1O)C4=NC=CN=C4,1.0,0.142857143,0.962346435,1.0,0.142857143,0.280832678,1.0,0.142857143,0.310508698,0.962346435,1.0,0.142857143,0.6
3997,25,O=C([C@H](C)NC/1=O)NC1=C/C2=C(C(C)(C)C=C)NC3=C(C/C=C(C)/C)C=CC=C32,392.2315979,CNP0326599,OCC1C(O)CC(NCCC(C)C)C1CC2=NC(=NC=C2)C=3C=CC=CC3,1.0,0.015873016,0.034375802,5.0,0.079365079,0.050906552,11.0,0.174603175,0.109155976,0.109155976,11.0,0.174603175,0.30434782608695654
3488,18,[H][C@@]12C(C)=CC(=O)[C@]1([H])/C(/C=O)=CC[C@@]([H])1C(CC[C@@]1(C(/C=CC=C(/C)C)C)[H])(C)C2,367.263916,NPA003091,CCC[C@@H]1C=C[C@@H]2CC(=CC[C@H]2[C@]1(C)/C=C(\C)/C=C/C=C/C=C/C(=O)O)C,15.0,0.081967213,0.541761724,26.0,0.142076503,0.556451214,23.0,0.12568306,0.334160346,0.556451214,26.0,0.142076503,0.35714285714285715
2978,15,C=CC(C1NC2C=CC=CC=2C=1/C=C1/C(=O)N2C(=CCC2)C(=O)N/1)(C)C,348.1685181,NPA018361,CC(C)(C=C)C1=C(C2=CC=CC=C2N1)/C=C\3/C(=O)N4CCC=C4C(=O)N3,1.0,0.008695652,0.098648176,8.0,0.069565217,0.291589623,20.0,0.173913043,0.328029239,0.328029239,20.0,0.173913043,1.0
11682,71,O=C1C=C[C@@]2(CC[C@@]([C@@]3(C(O[C@H](C)[C@@]34C(O5)=O)=O)C([C@@]5(C)[C@H]6O)=C)(C)[C@]6(O4)C2=C)C(C)(C)O1,457.1876831,CNP0319635,O=C(O)CCCC=CCC1C(O)CC(O)C1C=CC(=O)COC2=CC=CC(=C2)C(F)(F)F,18.0,0.086956522,0.39825286,28.0,0.1352657,0.441479304,20.0,0.096618357,0.098779059,0.441479304,28.0,0.1352657,0.36538461538461536
16295,94,COC(=O)C12OC3C(C(=O)C1=C(O)CC(C)C2O)=C(O)C(C1C=CC2OC4(C(O)C(C)CC(O)=C4C(=O)C=2C=1O)C(=O)OC)=CC=3,639.1755371,NPA011600,CC1=CC(=C2C(=O)C[C@@](OC2=C1C3=C4C(=C(C=C3C)O)C(=C5C(=O)CC[C@@H]([C@]5(O4)C(=O)OC)O)O)([C@@H]6CCC(=O)O6)C(=O)OC)O,4.0,0.108108108,0.840120822,7.0,0.189189189,0.396887941,4.0,0.108108108,0.211197735,0.840120822,4.0,0.108108108,0.6721311475409836
7081,53,COC1C=C2C(C(C3C(O)=C4C(OC5C4CCO5)=CC=3C2=O)=O)=C(OC)C=1,391.078949,NPA029466,CCC1=CC(C(=O)OC)=C(C2=C(O)C3=C(C(=O)C2=O)C(O)=CC=C3)C(O)=C1,0.0,0.0,0.0,1.0,0.2,0.002008647,2.0,0.4,0.002526593,0.002526593,2.0,0.4,0.6666666666666666
3501,18,[H][C@@]12C(C)=CC(=O)[C@]1([H])/C(/C=O)=CC[C@@]([H])1C(CC[C@@]1(C(/C=CC=C(/C)C)C)[H])(C)C2,367.263916,CNP0344118,O=C(O)C(=CC=CC=C(C=CC=C(C=CC1=C(C)CCCC1(C)C)C)C)C,30.0,0.163934426,0.498410004,29.0,0.158469945,0.360053038,27.0,0.147540984,0.309718461,0.498410004,30.0,0.163934426,0.2727272727272727
15794,92,COC1C([C@H](CC(C)C)O)=CC=C2C=1C(OC1C=C(C)C=C(CO)C=1O2)=O,395.1473999,CNP0308191,OC1=CC=C(C(O)=C1)C2OC3=CC(O)=CC=C3C(C)(C)C2C=4C=C(O)C=C(O)C4,1.0,0.333333333,0.961947978,1.0,0.333333333,0.379943579,0.0,0.0,0.0,0.961947978,1.0,0.333333333,0.6944444444444444
6067,49,COC1C(O)=CC(C)=CC=1OC1=CC(=CC(=C1O)O)C,277.1073608,CNP0187057,OC=1C=C(C=C(OC2=C(O)C=C(OC)C=C2C)C1O)C,2.0,0.046511628,0.33541175,19.0,0.441860465,0.377384077,18.0,0.418604651,0.346488051,0.377384077,19.0,0.441860465,0.75
4020,26,O=C([C@H](C)NC/1=O)NC1=C/C2=C(C(C)(C)C=C)NC3=C(C/C=C(C)/C)C=CC=C32,414.2138672,CNP0083745,O=C(NC1COC2C1OCC2NC3=NC=CC(=N3)C=4C=CC(=CC4)N(C)C)COC,1.0,0.25,0.785457969,1.0,0.25,0.31586495,0.0,0.0,0.0,0.785457969,1.0,0.25,0.30612244897959184
2485,11,[H][C@]12C3C(=CC(=C4C=3OC3C(=C(C=CC=3)O)C4=O)OC)O[C@@]1([H])OC=C2,325.0701904,CNP0363021,OC12C3=CC=4OCOC4C=C3OC2C5=CC=6C=COC6C=C5OC1,1.0,0.035714286,0.388569325,2.0,0.071428571,0.514289193,3.0,0.107142857,0.353943471,0.514289193,2.0,0.071428571,0.6285714285714286
16820,97,O=C(C1=C(O2)C=C(C)C(OC)=C1C(OC)=O)C3=C2C=CC=C3O,337.0690308,CNP0411337,O=C(OC1=CC=C2C(=O)C(OC2=C1C)=CC=3OC=CC3)C=4OC=CC4,1.0,0.333333333,0.961151719,1.0,0.333333333,0.554272771,0.0,0.0,0.0,0.961151719,1.0,0.333333333,0.5142857142857142
12216,77,CCCCC1C(OC)=CC(=O)OC=1C,197.1167603,CNP0002785,O=C(OCCCCCC)C=1OC=CC1,9.0,0.134328358,0.673169062,7.0,0.104477612,0.252712843,6.0,0.089552239,0.383070643,0.673169062,9.0,0.134328358,0.75
15292,88,O=C([C@](O)(C)NC/1=O)NC1=C/C2=C(C(C)(C)C=C)NC3=CC=CC=C32,362.1495056,CNP0293247,O=C1NC=2C=CC=CC2C31NC(C)C4C(=O)N(C(=O)C43)CC=5C=CC=CC5,1.0,0.041666667,0.448261768,1.0,0.041666667,0.448261768,1.0,0.041666667,0.127862379,0.448261768,1.0,0.041666667,0.3488372093023256
961,4,C(O)(=O)C1=CC=C([C@](O)(C)CCCC(C)=C)C(O)=C1,287.1239929,CNP0298857,S=C(NCC=1C=CC=CC1)NCC2=CC=C(OC)C=C2,1.0,0.006451613,0.823277831,1.0,0.006451613,0.619347274,2.0,0.012903226,0.035159639,0.823277831,1.0,0.006451613,0.5384615384615384
15298,88,O=C([C@](O)(C)NC/1=O)NC1=C/C2=C(C(C)(C)C=C)NC3=CC=CC=C32,362.1495056,CNP0285928,OC1(C=2N=C(SC2)CN3CCOCC3)CCN(CC1)C4COC4,0.0,0.0,0.0,0.0,0.0,0.0,5.0,0.208333333,0.00627278,0.00627278,5.0,0.208333333,0.325
17350,101,CC(C=C)(C)C12C3=C(NC1N(C(C(C=CC=C4)=C4N5)=O)C(C5=O)C2)C=CC=C3,396.1694641,CNP0307057,O=C1NC(=O)N(C(=O)C1=CNN2CCCCC2C=3C=NC=CC3)CC=4OC=CC4,2.0,0.285714286,0.671189969,2.0,0.285714286,0.330859746,0.0,0.0,0.0,0.671189969,2.0,0.285714286,0.30612244897959184
3527,19,[H][C@@]12C(C)=CC(=O)[C@]1([H])/C(/C=O)=CC[C@@]([H])1C(CC[C@@]1(C(/C=CC=C(/C)C)C)[H])(C)C2,389.2433472,CMNPD10306,[C@@]1(CC)([C@H]2[C@@H]([C@H](C)C[C@H]2C)C(CC)=C[C@H]1c(c3)cccc3)\C=C(\C([O-])=O)/C.[Na+],1.0,0.2,0.267962098,0.0,0.0,0.0,0.0,0.0,0.0,0.267962098,1.0,0.2,0.45
7112,53,COC1C=C2C(C(C3C(O)=C4C(OC5C4CCO5)=CC=3C2=O)=O)=C(OC)C=1,391.078949,CNP0036913,O=C(OC1=CC=C2C(=O)C(OC2=C1C)=CC=3OC=CC3)C4=CC=C5OCOC5=C4,2.0,0.4,0.938697257,2.0,0.4,0.67843615,2.0,0.4,0.360333487,0.938697257,2.0,0.4,0.5609756097560976
6604,51,CCCCC[C@H](C1C(O)=CC2C(C3C(C(=O)C=2C=1O)=C(OC)C=C(OC)C=3)=O)O,423.142334,NPA020777,C1[C@@H]2C3=NC4=CC=CC=C4C(=O)N3C5=CC=CC=C5C(=O)N2[C@@H]6[C@]1(C7=CC=CC=C7N6)O,2.0,0.333333333,0.841483817,2.0,0.333333333,0.841483817,2.0,0.333333333,0.43582432,0.841483817,2.0,0.333333333,0.6428571428571429
4046,26,O=C([C@H](C)NC/1=O)NC1=C/C2=C(C(C)(C)C=C)NC3=C(C/C=C(C)/C)C=CC=C32,414.2138672,CNP0050707,O=C(NC1COC2C1OCC2N3N=NN=C3C=4C=CC=C(OC)C4)C5CCCCC5,1.0,0.25,0.918184817,1.0,0.25,0.504464805,1.0,0.25,0.308216572,0.918184817,1.0,0.25,0.3
14798,87,[C@]([H])12[C@@](C)(C)CCC[C@]1(C)[C@@H](CO)C(C)=CC2=O,259.1661377,CNP0437937,O=C1N(O)C(C(=O)[NH+]([O-])C1CC(C)C)CC(C)C,1.0,0.25,0.88981235,1.0,0.25,0.46701318,0.0,0.0,0.0,0.88981235,1.0,0.25,0.5652173913043478
10197,67,CCCC(CC1OC(=O)C2C(=CC(=CC=2O)O)C1)O,267.1223145,NPA031198,C[C@H](O)CCC[C@H]1OC(=O)C2=C(C=CC=C2O)[C@@H]1O,3.0,0.034883721,0.266701381,22.0,0.255813953,0.381122191,25.0,0.290697674,0.482199175,0.482199175,25.0,0.290697674,0.7391304347826086
15319,89,O=C(C(NC/1=O)=O)NC1=C/C2=C(C(C)(C)C=C)NC3=CC=CC=C32,324.1347961,NPA020082,CC(C)(C=C)C1=NC2=CC=CC=C2C1=CC3=C(NC(=O)C(=O)N3)O,1.0,0.028571429,0.04117313,6.0,0.171428571,0.033725419,9.0,0.257142857,0.063858407,0.063858407,9.0,0.257142857,0.4444444444444444
1496,6,COC1C=C(O)C=C2C=1C(C1C(O)=C3C(OC4(OC3CCC4)C)=CC=1C2=O)=O,405.0939636,CNP0157396,O=C1OC=2C=C3OC=C(C3=CC2C(=C1CC(=O)NC4=NC=5C=CC=CC5S4)C)C,1.0,0.333333333,0.936816156,1.0,0.333333333,0.608141661,1.0,0.333333333,0.256018043,0.936816156,1.0,0.333333333,0.6666666666666666
3548,19,[H][C@@]12C(C)=CC(=O)[C@]1([H])/C(/C=O)=CC[C@@]([H])1C(CC[C@@]1(C(/C=CC=C(/C)C)C)[H])(C)C2,389.2433472,CNP0351753,O=C(C1=CC(OC)=C(OC)C(OC)=C1)N(C2=CC3N(C)C(C2)CC3)CCCC,1.0,0.2,0.89264971,1.0,0.2,0.408679605,2.0,0.4,0.325665437,0.89264971,1.0,0.2,0.43902439024390244
5096,42,C[C@H](/C=C/[C@H](C)C(C)C)[C@@]1([H])CC[C@@]2([H])[C@@]34C=C[C@@]5(OO4)C[C@@H](O)CC[C@]5(C)[C@@]3([H])CC[C@@]21C,451.3167419,CMNPD24203,C1=C2[C@]([C@]3([H])[C@@]([H])(CC2)[C@]([H])(CC[C@]4([H])[C@H](C)[C@@H]5[C@]6(COC(=O)[C@@H](C)[C@H]6C)C5)[C@]4(C)CC3)(C)C=CC1=O,2.0,0.5,0.347505193,2.0,0.5,0.301937357,0.0,0.0,0.0,0.347505193,2.0,0.5,0.5869565217391305
492,4,C(O)(=O)C1=CC=C([C@](O)(C)CCCC(C)=C)C(O)=C1,287.1239929,NPA031615,C=C(CCCC(C)(C)O)C1=C(O)C=C(C(=O)O)C=C1,4.0,0.025806452,0.025283887,12.0,0.077419355,0.038097802,17.0,0.109677419,0.047367345,0.047367345,17.0,0.109677419,0.7272727272727273
6639,51,CCCCC[C@H](C1C(O)=CC2C(C3C(C(=O)C=2C=1O)=C(OC)C=C(OC)C=3)=O)O,423.142334,CNP0448558,O=C(OC(C)C)C=1C=2C=C(OCC(=O)NNC(=O)COCC(=O)O)C=CC2OC1C,3.0,0.5,0.415128224,3.0,0.5,0.369044468,0.0,0.0,0.0,0.415128224,3.0,0.5,0.631578947368421
13296,85,CC1(C)CCC[C@@]2(C)[C@@]1([H])[C@H](O)C=C(C)[C@]2(O)C=O,275.1616516,NPA026202,COC1=CC=C2C=C1C/C=C(\C)C[C@H](O)/C=C(\C)CO2,2.0,0.4,0.960726649,2.0,0.4,0.960726649,1.0,0.2,0.188297823,0.960726649,2.0,0.4,0.48148148148148145
7672,57,[H][C@]12C(C)(CCC[C@@]1(C3(C(COC3=O)=C[C@H]2OC(/C=C/C=C/C(OC)OC)=O)O)C)C,443.2061462,CNP0202203,O=C(NC1=CC=C(F)C=C1)NC2C(O)C(N3CCN(C=4C=CC=CC4)CC3)C5OCC2O5,1.0,0.066666667,0.490928829,2.0,0.133333333,0.65585053,2.0,0.133333333,0.184194644,0.65585053,2.0,0.133333333,0.3877551020408163
3065,15,C=CC(C1NC2C=CC=CC=2C=1/C=C1/C(=O)N2C(=CCC2)C(=O)N/1)(C)C,348.1685181,CNP0283282,OC=1C=C(OCC=C(C)C)C=CC1C=2N=C(N=CC2C3=CC=CC=C3)N,2.0,0.017391304,0.25547193,5.0,0.043478261,0.214702491,21.0,0.182608696,0.284410043,0.284410043,21.0,0.182608696,0.32558139534883723
2558,11,[H][C@]12C3C(=CC(=C4C=3OC3C(=C(C=CC=3)O)C4=O)OC)O[C@@]1([H])OC=C2,325.0701904,CNP0322671,O=C(O)C1=CC(OC)=CC2=C1OC3=C(O)C(OC)=CC(=C32)C,0.0,0.0,0.0,0.0,0.0,0.0,5.0,0.178571429,0.028043338,0.028043338,5.0,0.178571429,0.625
